Wind Direction {deg},Wind Speed {m/s}
218,2.0
252,1.6
249,1.2
265,1.6
263,1.6
252,1.8
276,1.5
237,2.3
214,1.8
298,3.7
185,2.9
271,2.7
235,3.2
193,3.7
190,2.9
266,4.3
126,3.2
245,3.7
187,2.7
236,2.7
249,2.9
210,2.0
265,1.5
216,1.4
247,1.5
220,2.7
235,4.1
110,3.7
187,4.3
125,3.4
187,3.9
164,2.3
219,2.6
226,2.4
192,2.7
256,2.0
266,2.9
241,3.4
195,2.4
202,3.2
246,2.4
231,2.7
242,1.7
258,1.4
243,1.1
245,0.8
267,0.6
323,0.3
299,0.2
305,0.2
302,0.4
306,0.3
309,0.4
306,0.3
308,0.4
300,0.5
306,0.7
282,0.7
238,1.4
250,1.5
270,1.8
194,1.6
280,1.1
249,1.4
277,2.6
249,4.3
75,4.1
67,2.9
194,2.9
223,3.4
175,3.2
160,3.4
188,3.2
195,3.2
212,3.7
153,4.3
77,5.3
65,3.9
168,2.6
236,2.3
228,2.3
216,1.7
274,2.0
261,1.7
262,2.6
258,1.6
257,1.2
269,1.2
267,1.4
227,1.8
265,1.8
245,2.3
214,1.6
272,2.1
232,2.0
256,2.0
244,3.4
174,4.1
52,3.4
186,2.6
240,4.1
133,3.7
190,4.3
136,2.9
277,2.7
235,2.3
220,1.7
245,1.7
257,1.6
264,2.4
214,2.1
228,2.1
236,2.9
236,3.9
118,3.9
162,2.4
209,3.7
194,3.9
170,3.2
213,3.7
183,5.0
60,5.3
91,5.3
94,5.0
73,4.9
57,4.6
124,4.9
93,4.6
99,4.3
160,2.9
259,3.2
261,3.9
204,5.0
75,5.6
91,5.9
28,5.3
64,3.4
255,1.8
266,1.8
260,1.2
258,1.5
254,1.0
288,1.0
300,0.7
301,0.7
304,0.5
309,0.6
333,0.7
273,0.8
301,0.7
308,0.5
302,0.7
270,0.6
292,0.7
272,0.7
318,0.9
237,0.7
280,1.1
266,1.2
245,0.8
260,1.0
257,1.2
236,1.5
267,1.8
223,1.7
242,2.0
217,1.8
230,1.8
240,1.5
235,1.7
279,1.8
264,1.2
236,0.8
249,0.5
303,0.4
302,0.5
304,0.7
268,0.8
241,1.7
238,2.1
220,2.9
163,4.3
71,3.2
194,1.8
242,2.9
189,3.2
170,2.9
212,2.4
248,2.7
221,4.3
71,4.6
70,5.3
63,4.1
121,5.0
88,5.0
80,4.6
55,4.1
99,3.4
188,4.3
121,4.3
120,2.9
195,3.9
165,4.1
151,4.3
151,3.4
266,2.7
218,2.9
234,2.6
195,2.6
200,4.3
108,4.9
63,4.3
137,4.1
166,3.9
181,3.2
219,3.4
258,3.2
216,4.6
129,3.2
267,2.6
236,2.9
229,3.7
192,3.2
222,2.6
201,2.9
236,4.6
105,5.9
42,5.0
70,5.9
39,7.0
52,8.8
356,8.2
358,6.7
355,11.4
348,10.4
353,8.8
0,6.3
38,4.3
190,4.3
168,5.0
147,4.3
188,4.3
199,4.9
145,4.1
176,4.6
161,5.5
84,5.3
65,4.6
117,6.3
16,6.3
32,5.6
86,4.6
188,4.9
123,2.6
227,5.9
92,6.3
18,6.5
9,8.2
358,7.0
27,6.3
10,5.9
87,5.9
100,5.6
68,6.3
42,8.2
3,7.4
355,5.6
64,4.3
174,4.3
177,4.1
206,5.0
126,2.9
197,2.4
262,2.4
235,2.3
285,1.6
245,2.3
235,2.6
221,2.3
220,1.8
272,2.4
228,3.2
252,4.1
186,2.1
271,2.3
259,1.7
263,1.2
287,0.6
319,0.9
310,1.1
284,1.7
243,2.9
251,2.6
239,3.4
206,4.1
118,3.4
184,3.2
240,3.4
173,3.7
198,2.6
234,2.6
218,2.6
204,2.0
283,1.8
229,1.8
275,2.4
220,4.3
74,3.7
167,2.7
235,2.6
218,4.1
113,2.7
227,2.6
226,2.4
196,1.2
273,1.0
260,1.0
238,0.8
314,0.6
307,0.7
287,1.1
285,1.1
262,0.9
239,0.8
291,0.4
311,0.1
299,0.5
313,0.7
271,0.8
285,1.0
254,1.0
271,1.5
248,2.1
248,2.0
229,2.1
221,2.0
196,2.1
211,2.4
232,2.7
212,3.9
111,4.3
65,4.9
58,4.9
85,5.5
40,4.3
125,3.4
178,2.3
214,1.7
264,1.6
251,2.0
248,3.2
222,4.9
87,4.6
69,5.3
77,6.7
57,7.4
7,7.0
37,7.4
4,7.0
56,5.6
85,5.0
80,5.3
69,4.6
117,2.6
231,2.3
262,2.6
201,3.4
262,3.2
239,2.6
198,4.1
187,3.4
253,3.4
265,3.4
211,2.0
237,2.4
236,3.4
190,2.4
207,1.8
267,2.7
245,2.9
219,2.1
283,1.6
244,2.1
239,2.3
214,2.7
226,2.9
223,3.4
186,2.9
238,2.3
216,1.8
247,1.6
238,2.4
203,3.2
215,3.9
160,2.3
223,3.2
205,2.9
215,3.7
201,5.3
86,5.3
74,4.9
78,3.4
217,3.2
254,2.3
255,2.6
216,3.9
186,4.6
84,4.3
140,3.9
173,2.9
233,2.9
243,1.4
258,1.4
256,2.3
220,1.4
248,2.1
254,2.1
254,1.6
258,2.9
237,4.6
51,4.6
81,3.9
190,4.3
96,5.9
22,4.9
82,5.3
56,4.9
75,5.9
18,5.9
54,6.3
28,7.0
50,6.7
11,8.2
340,5.9
86,4.9
138,4.6
104,5.5
66,5.0
58,5.9
81,5.5
84,5.6
82,6.1
46,6.1
25,7.7
62,7.7
50,6.3
37,6.3
29,5.6
93,5.5
86,6.1
26,5.9
91,6.7
9,6.5
32,6.1
98,7.0
16,6.5
30,5.9
79,5.6
69,5.0
95,4.1
190,3.4
231,3.7
261,2.9
201,3.7
246,4.9
127,3.9
213,3.9
201,3.4
241,3.9
192,5.3
86,5.5
87,5.9
65,6.5
13,6.1
27,4.9
102,3.7
217,3.9
204,3.4
215,2.4
231,2.0
273,2.6
235,3.4
247,3.7
203,4.6
154,5.5
88,5.3
65,5.3
69,5.6
90,6.7
7,7.0
48,6.3
5,7.7
360,11.0
340,10.4
330,9.4
352,7.4
7,7.7
64,6.7
22,6.5
44,6.5
30,7.4
4,6.5
26,8.2
58,7.4
352,8.8
6,6.5
33,8.2
59,6.1
80,6.1
78,5.9
69,3.2
204,2.9
219,2.1
267,2.3
267,2.1
237,1.6
253,1.6
249,1.6
258,1.5
244,2.6
215,2.6
213,4.1
169,5.5
84,4.3
148,4.6
129,3.4
266,3.7
190,3.4
227,3.9
202,2.6
220,1.4
274,2.0
250,1.7
262,2.0
264,1.6
224,1.1
283,1.7
254,1.6
276,2.1
221,1.4
254,1.6
280,1.7
266,1.6
262,1.1
280,1.1
273,0.6
302,0.4
317,0.2
297,0.3
317,0.1
300,0.3
311,0.4
312,0.2
295,0.2
290,0.1
308,0.0
310,0.1
297,0.5
322,0.5
285,0.8
231,0.8
281,0.7
240,0.5
325,0.4
306,0.4
311,0.5
308,0.6
300,0.9
252,1.0
245,0.8
268,0.8
273,1.0
255,1.2
265,1.4
265,2.0
241,1.6
261,2.1
223,1.2
252,1.2
262,0.8
252,1.1
252,1.2
262,1.8
220,1.8
263,1.4
261,1.7
280,1.0
287,1.2
223,0.8
281,1.1
253,0.9
240,0.9
239,1.4
264,1.4
274,1.6
284,1.1
241,1.4
283,1.2
256,1.1
255,1.4
263,0.9
236,1.0
277,1.8
223,2.1
207,1.1
263,0.9
246,1.2
246,1.2
244,1.2
231,1.6
279,2.1
199,2.1
193,3.4
168,2.6
238,3.4
153,3.2
177,2.9
225,4.1
57,4.9
89,4.3
65,4.3
114,3.7
177,2.7
237,3.4
181,3.7
180,4.3
62,4.1
101,5.5
95,6.1
21,6.5
32,7.4
350,7.4
345,7.0
38,8.2
346,7.7
333,7.0
44,8.8
337,9.9
345,9.4
359,8.2
34,7.0
14,10.4
348,12.5
348,8.8
359,8.2
55,7.4
12,9.4
343,7.7
23,8.8
14,6.7
29,7.4
22,7.0
12,8.8
36,12.5
351,9.9
343,8.8
326,9.4
9,7.7
5,5.6
70,4.9
179,5.3
140,4.3
218,5.3
148,4.9
154,4.1
243,3.2
230,3.7
228,5.3
49,4.6
159,2.9
217,3.7
222,2.9
211,3.4
231,4.3
178,4.1
176,5.0
77,4.3
171,3.7
267,3.2
232,4.1
190,4.3
165,4.1
178,3.7
220,3.2
237,2.1
260,2.6
196,2.6
198,2.1
265,2.1
267,3.4
207,2.9
239,2.7
230,2.6
195,2.7
224,3.9
164,5.3
86,6.5
3,6.3
20,5.3
71,5.5
88,4.6
102,2.9
234,3.4
230,2.7
225,3.2
224,2.7
218,2.3
234,1.5
244,1.1
250,1.8
267,1.6
246,1.2
281,1.4
269,1.8
239,2.1
256,3.7
189,2.4
192,3.2
186,3.9
119,3.2
250,4.6
46,4.3
133,4.9
65,3.2
261,3.7
186,2.9
237,2.4
188,2.7
226,3.4
196,3.2
258,2.9
240,2.6
202,1.6
249,0.8
281,1.1
239,1.0
261,1.5
260,2.1
232,2.6
230,3.4
172,3.2
225,1.8
263,2.0
250,1.6
156,2.2
93,0.7
89,2.6
110,2.2
87,1.8
73,3.2
110,3.0
146,2.6
99,3.2
108,1.6
78,1.4
95,2.2
351,2.0
70,2.0
69,3.7
140,3.5
130,3.7
142,4.7
151,5.5
147,4.7
251,4.4
307,5.2
281,4.4
315,4.0
321,2.4
296,1.5
151,0.8
198,2.8
295,2.8
309,3.0
266,3.0
207,4.7
320,6.6
295,5.2
214,5.9
244,5.5
268,6.2
322,5.9
319,4.9
312,7.1
309,5.5
303,3.7
316,4.2
291,4.9
273,3.0
307,2.4
296,2.0
266,0.6
130,1.0
112,0.6
61,0.2
348,0.2
98,0.1
119,0.3
90,0.4
133,0.4
157,0.8
104,1.4
84,0.8
103,0.7
154,0.5
229,0.7
124,0.6
82,1.2
1,1.8
52,1.2
13,1.4
2,0.4
78,0.8
100,1.0
66,0.3
111,1.4
66,1.5
147,2.0
85,1.8
77,2.0
131,3.0
101,2.2
49,2.2
113,3.0
98,2.8
90,2.0
249,1.8
326,4.7
322,3.5
288,4.0
110,3.5
96,2.6
102,3.0
128,3.2
118,1.8
82,0.7
59,1.2
85,2.0
350,1.8
343,1.4
347,1.2
359,1.4
8,3.2
71,4.4
45,4.0
6,4.2
106,4.9
53,4.0
113,3.0
255,2.6
271,2.6
301,3.0
255,3.5
303,4.2
302,5.2
254,4.2
112,3.2
208,3.5
184,3.7
148,4.0
178,3.7
64,3.7
81,4.0
79,3.0
359,3.5
49,4.0
13,4.7
338,4.4
39,3.7
45,2.6
54,2.0
89,2.0
66,1.2
163,0.8
140,1.0
143,1.5
94,1.8
264,1.5
321,2.8
168,3.5
110,3.7
104,3.2
94,1.8
111,3.7
126,3.2
68,2.4
149,1.4
106,2.0
77,1.8
358,1.4
103,2.0
97,1.8
79,1.4
145,2.2
106,2.0
176,3.0
147,3.5
168,3.5
92,1.8
229,1.8
257,1.6
269,2.8
256,2.4
221,2.6
232,1.5
108,1.8
76,1.4
52,0.7
81,1.2
66,0.3
75,0.4
100,0.3
168,0.6
158,0.7
218,1.6
310,2.0
281,2.4
258,4.0
305,2.2
321,3.0
327,2.4
311,1.4
319,1.2
291,0.7
298,0.4
311,0.4
297,0.5
302,0.8
313,1.5
312,1.2
306,2.8
306,2.6
311,2.4
304,3.2
300,3.7
303,3.5
301,2.8
318,2.4
328,3.0
315,3.0
300,2.6
316,2.4
315,2.6
318,2.8
304,5.2
324,5.5
315,5.5
303,6.2
318,6.8
313,4.7
304,4.4
280,4.4
309,4.9
263,2.6
164,2.4
294,2.0
140,1.0
87,1.0
169,0.5
239,0.8
230,1.5
214,1.4
163,0.6
112,0.8
256,2.0
295,1.8
226,2.0
279,2.2
277,1.6
285,2.2
252,2.4
217,2.0
97,1.0
169,0.8
254,1.4
271,2.4
154,1.2
168,1.6
149,2.0
127,1.6
151,1.8
143,2.4
94,4.7
46,4.4
351,2.6
329,3.2
22,1.4
346,2.2
67,2.2
63,2.8
357,3.0
97,2.8
144,3.5
91,3.7
154,4.7
160,4.7
69,5.2
81,4.9
68,5.2
95,5.5
168,4.2
137,5.5
241,6.2
293,6.2
174,7.6
119,7.6
145,7.1
102,7.6
82,7.3
352,6.2
84,4.0
352,2.8
83,3.5
60,3.0
27,4.0
354,4.2
353,5.5
77,5.9
148,5.5
153,4.9
114,4.4
102,4.9
133,5.5
93,5.2
229,5.9
97,4.4
74,4.4
107,3.2
88,2.2
76,5.2
51,4.2
73,4.0
14,3.5
10,4.0
104,3.7
117,4.2
76,4.4
63,5.2
28,6.2
86,8.2
79,7.6
99,6.2
111,6.2
85,5.5
359,6.8
58,6.8
359,5.9
14,5.9
8,6.8
34,5.5
77,4.7
66,4.4
117,3.2
170,2.6
132,1.5
76,2.2
122,1.0
104,1.0
118,1.2
70,2.0
134,2.0
155,2.8
182,3.0
274,3.2
294,3.2
323,3.5
313,2.6
326,2.6
249,2.6
224,2.2
132,2.6
254,3.7
174,4.2
154,6.2
235,4.4
150,5.9
228,7.1
114,7.6
232,8.2
248,7.9
257,9.4
209,9.6
266,8.7
163,9.0
159,7.9
74,7.3
65,7.9
350,8.5
47,10.0
335,10.6
56,13.3
130,10.6
130,9.6
118,8.7
256,9.6
287,12.0
250,11.4
277,9.2
307,9.0
282,10.6
303,10.0
310,8.5
302,7.9
286,7.9
312,7.6
277,7.3
244,7.3
318,6.6
300,4.9
207,4.4
278,4.7
237,5.2
225,4.9
301,4.4
318,3.7
301,3.2
85,1.6
254,3.7
316,3.7
325,4.4
256,4.9
268,6.2
153,6.2
258,5.5
168,5.2
156,5.9
89,7.3
87,6.8
143,7.1
356,6.8
93,6.8
152,8.2
167,6.6
88,6.6
71,6.2
78,5.5
12,5.5
89,4.2
108,4.9
100,6.6
17,7.1
81,7.3
78,6.2
62,6.6
163,6.2
261,5.2
316,6.6
320,8.2
323,9.0
320,8.7
222,9.0
221,8.4
278,7.9
217,6.6
135,5.2
106,5.2
93,5.9
155,7.1
104,7.3
157,6.8
137,5.9
137,5.2
86,6.2
144,4.7
107,4.2
134,4.7
251,4.0
297,4.0
289,4.0
179,3.7
91,4.0
149,3.7
78,3.7
70,2.0
341,1.8
356,1.8
348,2.4
348,2.2
341,1.8
343,3.0
339,2.8
353,4.9
3,4.7
346,5.9
72,3.7
101,3.5
162,4.2
50,3.7
99,2.6
78,2.8
82,1.8
96,1.2
96,1.5
153,0.7
152,1.0
209,1.8
114,2.8
150,1.4
107,1.6
148,0.8
86,1.0
222,0.8
224,1.2
289,1.0
274,0.8
83,1.4
108,2.0
147,1.4
92,1.0
154,1.0
115,1.8
98,2.6
138,2.4
146,3.0
165,2.8
24,3.0
77,2.6
80,3.5
85,4.4
80,4.9
42,4.7
82,3.2
60,2.8
130,3.0
122,3.0
91,3.5
159,3.7
286,4.0
327,4.9
309,4.9
322,4.4
312,4.4
287,3.7
320,3.7
305,5.5
252,4.7
224,6.6
128,5.9
69,4.9
147,4.7
136,3.7
83,3.5
58,2.6
8,3.7
339,3.0
32,2.8
93,2.4
172,2.6
186,2.6
203,2.0
252,0.8
268,1.0
185,0.2
82,0.5
74,0.7
81,0.6
50,0.8
168,1.2
144,2.8
115,2.8
139,1.5
101,1.2
68,1.0
108,1.4
151,2.8
136,4.0
136,4.9
60,5.5
60,3.5
106,3.5
142,3.5
258,3.0
262,3.7
234,2.0
200,3.5
267,4.9
128,5.9
108,5.9
90,5.2
145,5.5
98,8.2
59,6.6
68,4.9
42,5.2
355,3.7
353,3.7
16,4.4
42,4.0
338,4.0
46,4.0
5,2.2
352,2.0
13,3.2
32,2.2
74,1.2
88,1.8
55,1.5
53,0.8
97,0.8
93,0.4
142,0.8
133,1.4
118,2.6
148,4.7
90,3.2
84,3.2
83,3.7
131,3.2
105,3.5
231,3.7
88,4.2
180,4.4
144,3.7
228,3.2
82,3.0
222,4.4
285,4.4
213,4.7
107,2.8
98,2.8
157,2.4
101,3.2
99,3.7
356,5.2
65,5.9
358,4.9
341,3.2
28,3.5
343,3.5
348,3.2
47,3.5
41,3.5
70,3.2
29,3.2
91,2.8
75,2.2
353,2.2
5,2.6
88,1.6
80,1.8
65,3.0
86,2.2
76,1.5
343,1.5
20,0.8
1,0.2
24,1.4
66,1.6
22,1.5
71,0.7
100,0.7
89,0.2
0,0.1
92,0.0
90,0.2
112,0.5
119,0.3
100,0.7
97,1.0
82,1.8
231,1.6
115,2.0
146,3.5
94,3.0
142,2.0
152,2.8
118,1.8
86,1.5
75,1.2
103,1.2
144,2.2
95,1.5
57,2.8
63,2.0
35,2.4
350,1.6
348,1.2
357,1.2
91,1.6
85,2.0
89,1.8
167,2.4
249,2.4
148,2.0
135,3.2
254,3.7
137,3.2
12,4.0
36,3.5
54,4.4
48,5.2
65,4.4
358,4.9
14,6.2
36,6.6
54,6.6
99,5.5
64,4.7
111,6.2
166,6.6
140,5.9
139,4.7
76,3.0
117,1.8
107,1.4
152,1.4
264,1.0
182,0.6
250,1.4
105,0.8
92,1.0
58,1.5
166,2.0
112,1.8
94,3.0
99,2.8
187,3.4
78,2.1
42,1.4
41,1.4
46,1.4
231,1.6
229,1.3
219,1.4
186,2.5
111,1.7
145,2.7
227,2.5
266,3.7
239,4.9
238,4.3
246,2.0
231,1.3
295,1.2
251,1.2
261,0.7
266,0.6
289,0.6
232,0.7
253,0.7
255,0.5
269,1.4
261,1.3
242,1.7
281,3.2
251,3.2
209,2.7
88,5.9
15,5.5
103,3.2
83,2.7
186,2.7
203,3.4
186,2.9
153,2.9
114,5.2
77,8.4
152,5.9
184,4.0
152,3.2
211,4.6
178,3.4
257,2.9
235,4.0
260,3.4
204,4.3
235,4.6
192,3.4
259,3.2
193,4.0
165,4.3
104,5.2
200,5.2
253,4.0
297,2.7
271,2.0
244,2.7
278,2.3
259,2.5
224,3.4
81,2.9
36,2.7
36,2.7
54,3.7
72,4.0
45,4.3
64,4.6
32,4.0
205,5.9
201,4.6
198,3.2
250,3.4
228,4.3
218,4.0
162,4.6
77,5.2
77,6.8
111,5.5
201,5.9
275,3.4
257,2.5
217,2.5
101,2.5
89,2.3
88,1.8
172,1.3
141,1.2
167,0.6
255,1.0
296,1.6
301,2.1
268,1.8
242,1.1
294,1.2
323,1.2
317,1.7
286,1.1
298,0.9
248,1.7
208,1.2
285,1.1
268,0.8
269,0.7
262,0.7
267,0.6
288,0.3
327,0.6
329,0.8
309,1.0
290,0.9
304,0.8
289,1.4
224,2.1
241,2.1
315,3.4
328,6.4
343,4.0
334,2.9
318,2.3
308,2.0
334,2.5
288,2.1
298,3.4
284,3.2
259,2.7
254,1.8
266,3.2
216,4.0
163,5.5
228,6.4
224,7.9
219,7.9
70,4.9
77,4.3
195,3.7
179,2.7
208,4.0
199,3.4
223,4.9
175,3.7
177,3.4
197,3.7
232,5.5
232,2.7
248,4.3
234,4.0
290,1.4
271,1.0
295,0.9
304,1.6
319,3.2
283,4.0
300,3.4
296,3.4
319,3.4
320,2.5
326,4.3
302,4.6
302,9.9
305,9.0
332,9.9
334,5.9
324,5.9
273,5.5
228,7.3
277,5.9
268,5.2
242,4.0
287,3.2
278,1.6
248,1.6
201,1.2
245,1.7
222,1.1
260,1.1
254,1.3
225,2.7
248,1.7
242,2.0
249,2.0
260,2.0
253,4.9
251,3.7
231,4.3
189,7.3
99,5.2
207,8.4
253,9.3
190,7.3
76,7.3
58,7.3
237,5.2
223,5.2
246,3.4
212,2.3
170,2.3
68,2.7
190,1.4
185,1.0
174,2.3
256,2.7
188,2.3
223,2.5
236,2.5
224,3.4
186,4.9
58,2.9
215,2.7
120,4.6
237,5.5
199,4.3
209,4.6
210,4.0
153,3.7
228,3.7
186,2.3
184,2.3
257,3.2
235,4.3
260,2.0
186,1.3
97,1.3
201,1.7
192,1.7
170,1.8
175,3.2
60,4.0
91,6.8
96,5.2
222,4.9
237,4.0
232,4.3
218,2.9
230,2.1
203,1.8
268,1.2
204,1.0
47,1.3
65,1.1
115,0.8
46,0.8
105,0.9
82,0.8
54,1.3
49,0.6
168,0.5
217,0.2
191,0.3
255,0.2
189,0.2
218,0.1
225,0.2
199,0.1
203,0.3
219,0.1
189,0.2
218,0.3
181,0.3
75,0.5
44,0.6
118,0.5
113,0.4
176,0.4
194,0.6
198,0.4
189,0.6
254,0.6
253,0.5
237,0.5
125,0.3
187,0.5
253,0.6
211,0.5
277,1.1
252,1.6
232,1.1
192,1.6
109,1.7
175,1.7
177,1.0
193,1.4
98,1.4
164,2.3
152,2.1
215,1.3
244,0.8
233,1.6
244,1.2
297,1.2
242,1.1
234,1.3
299,1.4
249,2.0
277,1.8
256,1.4
245,1.2
215,1.8
224,1.8
219,2.3
216,2.3
159,2.5
124,2.5
81,3.4
28,5.9
40,5.5
52,8.4
26,5.9
54,7.3
102,5.2
163,7.3
78,7.3
140,4.6
175,3.2
99,2.5
179,2.1
263,2.3
212,4.9
265,4.6
287,4.9
242,4.6
223,3.2
230,3.2
212,1.7
274,1.6
255,2.1
288,2.7
291,2.3
288,3.4
260,4.3
270,5.9
283,4.9
255,5.9
163,4.3
213,5.2
215,6.4
185,7.9
190,6.4
115,5.9
29,3.7
85,3.2
162,2.9
111,4.0
48,3.7
307,2.7
325,2.0
29,4.9
51,4.0
57,4.0
51,4.6
86,4.3
48,5.2
75,4.3
235,6.4
154,5.9
206,4.3
288,3.4
104,5.9
101,5.5
46,6.8
162,5.2
181,4.3
171,4.6
180,3.2
120,4.0
77,5.9
164,5.5
207,8.4
77,6.8
71,6.4
161,6.4
221,4.6
236,4.3
199,3.7
207,3.2
187,4.0
30,5.2
85,3.4
95,2.7
116,3.7
83,4.3
52,3.2
34,2.5
48,2.3
4,1.7
340,1.3
340,0.8
338,0.6
335,0.9
341,1.3
329,1.4
4,2.5
358,1.6
41,2.0
305,2.7
349,1.8
343,2.0
339,1.7
324,2.3
21,1.8
32,1.4
110,1.6
53,1.8
52,1.6
84,2.1
107,2.7
27,4.9
49,4.6
94,5.5
120,6.4
82,5.9
80,4.9
34,3.4
26,2.9
21,3.4
17,1.3
16,1.1
329,1.2
53,0.4
49,0.3
33,0.3
321,0.2
348,0.0
336,0.6
350,0.8
329,1.0
338,1.2
334,1.1
325,0.7
333,0.9
355,1.6
82,1.2
16,1.6
180,1.3
103,1.0
34,0.8
335,0.9
30,1.8
55,1.3
27,0.7
55,0.6
79,1.1
104,1.1
46,1.7
108,1.4
109,1.8
17,2.3
27,4.6
102,4.0
77,2.9
66,4.9
181,4.3
243,2.7
217,2.7
154,4.0
198,4.6
81,4.9
275,5.5
281,4.0
190,2.3
227,4.6
252,5.9
289,3.7
289,4.0
215,3.7
250,2.1
227,1.8
257,0.7
202,1.0
169,0.6
77,0.9
18,1.7
87,1.7
45,1.3
45,1.8
74,2.7
186,2.9
178,2.3
171,2.0
204,2.9
193,2.5
86,2.0
68,2.5
66,2.1
57,2.0
216,2.1
215,2.0
237,1.6
198,1.1
231,1.3
192,2.0
92,3.4
178,3.2
214,3.7
224,4.9
230,9.0
254,9.3
252,12.0
221,12.0
103,11.0
193,12.0
119,9.3
242,8.4
232,8.4
243,6.8
273,4.9
255,3.7
235,3.4
227,4.6
288,4.3
296,4.6
334,4.9
298,4.9
251,2.9
309,2.5
322,2.5
297,2.0
250,3.4
300,3.4
261,3.7
244,3.7
248,2.7
252,2.1
283,1.8
207,1.6
241,1.6
270,2.5
173,2.5
242,3.4
250,3.7
253,2.9
259,3.7
282,2.7
164,3.4
243,2.7
212,2.9
193,6.4
60,5.2
159,4.9
190,5.2
183,5.5
173,7.3
237,5.2
264,5.2
241,3.7
161,3.7
166,2.5
69,2.1
215,1.6
189,0.9
248,0.8
219,1.0
243,0.5
277,0.3
180,0.7
163,1.0
73,1.4
63,1.7
39,2.3
97,3.7
91,3.2
96,3.2
24,3.4
66,4.6
37,5.5
42,9.0
53,6.8
315,3.7
338,3.2
17,2.1
27,1.8
68,1.7
73,1.4
62,2.1
52,3.7
74,5.2
209,4.9
256,3.7
215,2.7
235,2.9
198,3.4
182,3.4
106,3.2
49,4.0
32,2.7
55,2.9
35,3.2
30,2.3
17,3.7
358,4.3
36,3.7
56,2.3
24,1.7
28,1.4
60,2.0
90,2.0
98,1.2
6,2.5
32,2.5
48,2.3
8,2.7
35,4.3
50,5.2
64,5.2
67,5.5
341,5.9
348,7.9
329,6.4
328,7.3
348,7.9
331,7.3
8,8.4
354,6.4
47,6.8
23,6.8
83,4.3
180,4.9
64,5.9
126,7.9
112,4.9
113,4.9
102,3.4
63,2.5
145,3.2
167,3.2
261,4.0
206,4.0
222,4.3
266,2.9
254,2.7
248,2.0
248,2.7
273,2.1
252,2.1
244,2.0
282,2.5
232,1.6
225,1.6
269,1.8
233,2.5
245,4.0
190,2.9
189,4.6
79,4.6
180,7.9
176,7.3
181,9.0
270,9.9
259,6.8
248,9.9
248,10.5
225,7.3
192,7.3
267,5.5
164,6.4
233,4.6
243,5.9
231,8.4
238,6.4
227,6.4
247,5.9
193,5.9
148,5.9
87,8.4
66,10.5
40,7.3
78,6.8
39,7.3
15,5.9
36,7.3
66,6.4
65,5.2
166,6.4
229,6.8
249,4.6
101,2.9
165,2.7
203,4.0
205,2.9
192,4.6
167,2.9
181,1.8
94,3.7
75,2.5
181,2.5
120,3.2
117,2.5
163,2.7
66,4.3
51,4.3
26,4.3
95,3.2
68,4.0
285,5.5
220,5.2
259,5.9
189,7.9
217,7.9
264,6.4
222,4.9
183,4.0
174,4.6
255,3.4
249,1.8
252,3.2
150,2.3
119,1.7
162,2.9
227,5.9
273,6.8
252,6.8
256,5.2
248,4.6
281,6.4
236,7.9
246,7.3
235,5.9
297,5.2
312,4.0
314,2.9
326,2.5
303,2.5
307,2.9
342,4.3
229,2.9
296,2.9
317,3.2
291,1.8
287,2.1
303,1.7
229,3.4
245,2.5
257,3.7
265,2.9
211,3.2
262,3.7
278,3.2
234,2.7
215,2.5
210,3.2
126,3.4
106,2.4
171,2.6
208,3.9
43,3.0
144,2.0
134,2.4
120,2.2
143,2.4
134,1.3
140,2.0
64,2.4
77,3.9
153,6.5
55,6.5
36,5.0
9,3.4
82,4.1
59,4.7
35,3.9
13,2.0
344,3.0
344,2.8
348,3.2
341,3.4
347,3.0
351,3.4
339,4.7
357,3.9
351,3.7
340,4.1
340,6.8
341,7.8
350,7.5
356,9.7
4,5.6
353,3.9
12,4.7
7,4.1
8,4.7
41,4.1
90,3.0
24,5.6
67,5.6
62,4.4
69,6.1
77,6.1
61,5.0
43,4.1
59,4.7
76,3.4
42,5.0
116,2.6
119,2.0
195,2.6
137,3.4
142,2.2
133,3.0
69,2.2
71,2.4
61,1.9
47,1.4
35,1.3
55,1.5
65,1.7
89,1.3
126,1.3
69,0.4
64,0.4
70,0.0
99,0.2
43,0.2
137,0.2
63,0.2
114,0.1
56,0.3
157,0.5
70,0.5
102,0.5
42,0.1
44,0.8
129,0.9
156,0.8
98,0.4
73,0.4
44,0.9
57,0.3
44,0.4
86,0.3
38,0.8
145,0.6
157,0.4
167,0.7
175,0.9
259,2.4
169,1.9
132,2.4
140,3.2
297,2.6
274,3.7
304,3.4
231,2.4
183,2.4
197,3.7
268,3.4
155,2.2
138,1.2
280,1.1
258,1.7
311,1.0
311,0.8
316,0.8
331,0.9
309,2.4
289,1.9
282,1.9
305,2.6
317,2.8
311,3.2
306,2.8
331,2.2
311,2.4
274,1.7
284,1.5
329,2.0
307,1.4
252,1.9
302,1.5
234,1.4
155,1.1
175,1.2
95,1.1
132,1.4
137,1.5
137,1.9
78,1.9
144,1.5
133,1.2
119,0.7
135,0.8
212,1.0
160,1.7
94,2.8
173,2.6
196,3.4
142,3.4
182,3.0
223,1.9
263,1.9
273,1.5
143,1.7
181,2.8
142,4.4
157,3.7
139,3.9
138,3.4
228,2.6
135,3.4
262,3.4
151,5.3
158,5.6
224,6.8
126,5.3
78,5.3
107,6.1
94,5.6
85,6.1
32,5.6
65,5.6
18,5.3
356,4.1
345,3.0
348,3.4
17,3.4
21,5.3
9,5.6
346,5.3
348,4.7
341,4.4
26,3.4
35,5.0
29,4.7
49,5.6
95,6.1
67,4.4
129,4.1
248,3.7
130,3.2
144,1.5
151,1.5
97,1.9
108,2.0
251,3.4
250,2.8
179,1.4
145,0.9
271,2.6
257,2.4
259,2.6
256,2.8
285,4.1
322,3.7
304,5.6
308,5.3
324,6.1
293,5.3
291,6.8
300,6.5
274,5.6
194,5.6
211,6.8
145,5.0
142,3.0
168,4.4
151,3.7
161,2.6
139,3.2
272,2.8
121,3.2
243,3.0
252,2.8
231,3.0
156,3.0
36,3.2
77,2.0
167,2.2
71,1.9
119,3.7
27,3.4
62,4.1
47,6.5
70,4.4
139,3.7
146,4.4
118,4.7
126,8.4
56,7.1
83,5.0
43,6.1
51,6.1
65,5.3
70,3.9
87,3.4
87,1.5
56,2.6
51,2.6
77,3.0
170,2.6
270,1.9
291,1.5
215,0.9
286,1.3
311,1.5
252,1.7
117,1.0
142,0.8
158,0.5
43,0.4
129,0.6
147,0.7
116,1.0
141,1.1
214,1.2
76,1.3
66,1.0
163,1.0
160,1.2
147,2.4
151,3.7
122,3.2
115,3.4
147,5.0
140,3.7
141,4.4
112,6.1
141,6.1
98,5.6
142,6.1
90,6.5
256,6.1
143,6.8
108,4.7
155,4.7
86,3.9
227,3.7
112,3.4
254,2.6
248,3.2
178,2.4
140,2.6
167,2.4
195,1.5
251,2.4
274,2.2
294,2.2
284,2.4
258,1.7
275,2.0
139,1.3
256,1.3
121,1.1
61,0.8
160,1.0
220,2.0
283,1.4
303,1.7
244,1.3
275,1.1
125,1.5
131,2.6
112,4.1
167,6.5
292,9.2
163,8.7
230,9.2
204,10.8
194,8.0
170,8.0
163,10.1
124,7.5
120,9.7
267,9.2
221,8.7
234,8.0
144,6.5
247,7.5
309,7.1
260,6.5
149,4.1
119,5.3
59,6.1
102,5.6
75,7.1
64,7.5
149,4.7
70,4.7
218,6.1
212,6.1
208,6.5
224,8.0
137,7.1
161,12.3
175,9.2
220,7.8
182,8.0
120,8.0
179,8.4
304,10.8
250,10.8
212,8.7
252,7.1
154,7.5
159,10.1
137,12.3
66,8.9
53,7.1
51,7.1
39,6.1
56,4.7
134,5.3
115,4.4
140,2.2
114,1.9
128,2.2
53,2.0
140,2.2
240,2.6
191,2.8
229,3.9
130,3.7
257,4.7
257,3.7
287,1.1
336,0.8
321,1.0
329,1.5
319,1.4
304,1.4
324,1.7
296,1.7
273,1.5
310,1.7
323,3.2
314,2.2
327,2.0
258,1.7
290,1.5
289,2.2
296,1.7
274,1.9
284,1.7
258,1.0
261,0.8
268,0.8
228,0.3
131,0.5
268,0.2
200,0.3
265,0.6
223,0.5
128,0.5
78,0.5
93,0.7
66,0.5
153,1.0
77,1.1
22,1.5
69,0.5
94,0.1
97,0.4
122,0.8
70,0.3
147,0.6
166,1.0
138,1.0
114,0.5
254,0.3
266,1.2
277,1.2
137,1.4
262,1.9
270,2.4
301,2.2
315,1.4
325,1.2
316,0.9
304,1.2
305,1.2
282,0.5
295,0.9
282,1.0
254,0.7
258,0.7
110,0.5
183,0.5
196,0.5
220,0.8
330,0.8
324,1.7
292,1.1
327,1.3
332,2.4
302,2.4
297,2.0
283,2.4
140,2.6
141,4.4
118,4.7
57,3.4
104,4.1
138,3.9
103,3.4
141,1.7
126,1.4
173,1.3
63,0.9
62,1.2
70,1.1
81,0.7
65,1.1
51,0.4
82,0.5
182,0.9
154,0.8
44,0.9
128,1.4
163,1.4
261,1.7
256,3.0
236,4.1
255,3.7
302,3.9
296,4.4
287,2.2
290,1.5
237,2.2
166,2.0
124,3.0
86,3.7
187,4.7
236,5.3
229,6.1
241,4.7
251,5.6
213,4.1
252,4.4
174,5.3
127,5.3
155,5.0
65,3.0
150,3.9
135,5.0
106,3.0
146,2.4
138,1.7
92,2.6
143,3.0
78,3.9
134,4.7
132,5.0
80,5.3
118,4.1
122,3.9
85,3.4
54,3.4
30,2.6
133,2.0
177,3.0
135,3.9
143,3.7
127,3.2
142,2.8
196,3.7
152,2.4
206,2.2
169,2.6
164,2.8
251,2.4
209,2.4
287,2.2
293,2.8
242,2.4
276,2.0
251,2.2
192,2.4
266,2.8
192,2.2
243,1.9
251,0.9
282,0.7
261,0.6
305,0.5
324,1.3
309,2.4
320,3.2
311,4.4
301,7.1
291,7.5
322,8.4
319,8.0
325,7.5
335,6.8
286,5.6
201,8.4
276,5.6
257,5.6
140,5.0
56,5.6
84,5.6
140,7.1
174,7.8
150,7.1
71,4.7
86,4.4
2,4.4
55,4.7
21,3.7
18,2.8
53,2.2
106,3.2
342,1.9
8,2.8
347,1.4
2,1.7
355,2.0
6,2.8
353,3.7
12,4.1
51,3.9
63,4.1
132,4.7
73,3.9
75,2.6
49,2.2
120,2.8
51,3.7
111,5.0
88,3.9
64,2.8
147,2.6
63,2.0
68,2.2
119,2.0
201,3.2
146,3.7
183,3.2
111,2.6
67,3.2
160,3.0
106,2.8
135,2.8
265,1.4
264,1.1
292,1.1
186,1.4
145,2.8
113,2.2
113,1.7
69,2.0
37,1.1
76,1.9
80,4.7
136,4.4
97,4.1
76,4.4
57,4.7
142,3.7
92,4.4
109,5.3
142,5.3
136,5.3
63,6.1
32,5.0
49,5.0
85,4.4
82,4.1
44,5.0
25,6.1
16,6.1
93,5.3
63,5.6
149,6.5
140,6.5
151,6.8
53,5.6
135,6.8
166,5.3
143,3.4
195,3.9
133,3.2
200,2.8
231,5.0
283,3.7
261,4.7
193,5.6
292,4.7
250,3.9
266,3.0
126,2.6
270,3.2
132,4.1
193,4.4
209,4.7
185,5.6
177,4.4
127,4.1
246,3.9
202,5.0
34,4.1
150,3.2
135,2.8
167,3.0
220,3.0
142,3.0
121,1.0
106,1.3
168,1.5
157,3.2
260,3.2
204,2.4
120,2.6
66,3.9
111,3.9
53,3.0
40,3.9
72,3.2
68,3.7
50,4.7
49,6.1
70,6.8
62,6.5
36,3.2
39,3.0
69,3.2
54,3.7
59,4.1
49,3.9
26,3.0
22,1.9
3,2.0
38,2.8
30,1.7
45,1.4
77,1.1
146,1.4
119,1.5
206,0.9
136,0.9
173,1.3
156,1.7
217,1.7
203,1.9
171,1.9
167,1.7
205,1.9
172,1.7
153,2.6
105,4.4
124,5.6
136,4.4
158,4.4
152,3.2
124,2.4
137,3.0
204,3.2
142,3.4
132,3.9
246,3.0
254,3.2
329,3.2
334,2.8
268,2.2
288,1.7
266,2.2
206,1.9
255,2.6
227,2.4
286,2.2
283,1.7
178,2.4
198,3.2
108,3.8
265,2.4
253,1.3
207,0.9
304,0.7
273,1.1
202,1.9
289,1.6
165,2.6
145,4.0
135,5.7
196,5.7
218,4.2
145,4.2
96,6.4
236,4.4
305,5.4
294,3.3
181,3.0
262,2.2
286,1.8
238,2.8
174,3.0
139,3.5
98,3.5
150,4.2
99,3.8
89,2.8
186,2.0
124,1.9
114,2.4
69,3.8
123,4.4
184,4.0
186,3.0
178,3.3
168,2.2
181,1.3
178,0.7
177,0.6
135,0.7
104,1.0
78,0.6
115,0.4
135,0.4
117,0.8
196,0.4
305,1.0
262,1.1
323,1.6
255,1.6
260,1.6
268,1.8
157,1.4
169,0.7
252,0.4
295,0.4
290,0.2
256,0.6
288,0.7
303,0.7
293,0.8
298,1.1
307,0.2
282,0.3
220,0.3
97,0.3
185,0.2
143,0.3
65,0.4
73,0.5
25,0.7
346,1.4
4,1.6
348,1.3
32,1.4
48,1.9
26,2.6
3,2.4
31,2.4
322,2.4
14,3.8
349,3.5
320,2.0
37,2.0
14,2.6
67,2.2
101,1.9
117,2.0
160,2.0
244,3.0
171,2.4
293,1.9
265,1.0
272,1.3
254,0.8
237,0.7
283,0.6
307,0.6
314,0.2
291,0.6
283,0.4
289,0.5
279,0.3
98,0.2
118,0.1
82,0.1
113,0.2
172,0.4
226,0.1
196,0.2
173,0.4
133,0.6
111,0.8
145,0.6
137,0.6
163,0.8
108,0.7
163,1.8
149,2.2
107,2.4
204,1.4
299,1.0
187,0.9
175,1.6
259,1.9
249,1.0
188,1.0
114,1.6
173,1.4
136,1.3
282,1.1
330,1.4
280,2.6
272,3.3
275,2.0
294,1.4
285,2.2
290,4.2
287,6.1
269,2.4
288,2.4
291,1.8
282,2.2
272,3.0
286,3.8
294,3.3
274,3.3
279,2.8
282,1.8
281,3.3
292,2.0
288,2.4
285,2.6
289,3.3
290,4.0
279,3.0
284,3.8
271,2.6
303,3.0
292,2.6
291,2.6
293,3.3
285,2.8
285,2.8
271,2.8
298,1.9
231,1.3
208,1.8
177,2.8
133,4.2
136,2.8
121,3.3
147,3.0
140,3.3
103,4.2
83,4.6
72,4.4
65,2.6
73,1.6
137,2.0
123,2.2
166,1.6
264,1.3
176,1.9
111,3.0
102,4.0
230,4.2
100,4.4
233,4.9
107,4.6
204,4.0
156,6.1
132,4.9
171,2.8
203,2.8
204,3.3
217,2.6
255,3.0
262,2.0
300,2.0
255,2.2
188,2.4
74,2.4
99,2.8
284,3.0
184,3.0
251,4.6
279,5.7
165,4.6
188,3.8
323,3.0
225,3.0
309,2.8
315,2.2
295,1.3
257,1.6
276,1.8
266,3.8
272,3.3
187,1.8
259,1.3
251,1.9
292,1.8
237,2.6
174,2.8
300,3.5
297,2.8
292,3.3
227,2.2
123,3.5
235,3.5
178,3.0
77,2.6
136,1.9
80,0.9
130,1.0
88,0.8
79,1.3
98,1.1
172,0.5
176,1.1
176,0.6
107,1.6
139,2.4
101,2.2
105,2.4
129,2.6
49,2.6
89,3.0
166,3.5
143,3.8
122,5.2
143,5.4
129,5.2
99,4.9
137,4.9
106,3.5
42,2.8
126,3.5
73,3.5
105,3.5
122,3.8
21,2.8
17,1.9
33,1.4
33,1.6
348,1.8
15,1.0
349,0.9
13,1.4
350,2.2
23,1.9
113,1.8
21,0.7
121,0.7
134,0.8
134,1.4
107,1.4
202,1.9
158,1.8
163,3.3
187,1.3
182,2.4
107,2.8
124,2.8
96,3.5
126,4.6
97,3.8
99,3.0
121,4.2
147,5.7
150,7.1
113,7.1
172,5.7
155,6.1
226,4.9
200,5.7
170,4.9
152,5.2
130,4.0
145,2.6
140,3.3
139,2.4
121,2.0
144,4.6
107,4.6
197,5.2
187,3.3
246,3.3
295,3.0
331,3.3
298,3.8
280,4.0
276,3.3
161,2.8
219,4.0
157,4.2
91,3.5
125,2.0
139,1.4
116,2.4
102,2.8
276,3.3
292,4.9
237,4.4
162,4.4
164,3.8
297,4.0
279,6.4
299,6.6
235,6.1
174,7.1
185,10.1
192,8.7
122,9.5
152,9.0
71,7.9
120,8.5
119,7.1
18,7.5
31,6.8
329,7.7
35,10.1
90,9.0
30,9.0
34,8.2
1,7.1
40,6.4
25,4.9
62,5.7
27,5.4
47,5.2
47,4.6
33,6.1
73,5.2
73,4.9
121,4.0
113,4.9
209,4.2
329,5.2
288,6.1
276,5.7
284,5.4
289,6.1
255,7.5
329,6.4
174,6.6
296,6.1
286,8.2
215,7.9
235,11.7
178,9.5
316,9.0
112,7.9
154,8.5
106,8.2
152,8.5
197,7.5
133,5.2
110,5.7
168,3.8
297,4.9
301,5.7
286,7.9
321,6.4
180,6.8
197,6.1
269,5.2
211,4.4
261,4.9
158,5.4
187,4.6
109,4.0
117,5.7
109,5.7
142,4.0
121,4.4
92,3.8
195,3.5
206,2.6
151,2.8
132,3.3
161,3.5
152,4.2
127,2.0
194,1.8
124,2.8
106,1.4
111,1.6
31,0.8
355,0.9
16,1.3
29,1.3
22,1.3
68,1.3
71,3.0
66,3.3
357,3.8
23,5.4
36,4.6
340,6.4
78,4.9
76,4.0
90,3.3
59,3.5
116,2.8
94,2.4
52,2.2
42,4.2
45,4.2
45,4.0
96,4.0
69,2.4
85,2.4
98,1.3
203,2.2
150,2.6
121,2.8
166,3.5
165,2.2
92,2.6
93,2.0
180,1.1
116,1.4
162,1.6
152,2.0
109,3.8
189,3.3
113,3.5
14,1.6
57,1.3
96,1.6
51,1.8
95,1.8
17,1.4
100,0.9
73,0.8
32,0.6
324,0.4
25,0.5
143,1.1
141,0.4
138,0.4
84,0.7
76,0.9
70,0.5
67,1.4
107,1.0
70,1.3
41,0.8
83,0.6
166,1.3
76,1.0
142,1.8
123,3.0
182,1.6
173,1.4
216,1.3
103,1.1
131,1.4
178,2.0
203,1.6
169,2.6
173,2.6
282,4.0
246,3.3
323,2.6
288,2.6
177,3.0
195,1.6
216,1.8
128,1.3
126,2.8
131,3.3
302,3.8
245,2.6
293,2.2
321,1.4
297,1.3
230,1.6
288,1.9
288,2.0
294,3.0
294,3.8
250,4.2
300,4.9
265,3.5
233,4.4
284,4.6
274,5.2
279,4.6
308,5.7
188,4.9
268,6.4
171,7.5
186,7.7
203,5.4
177,6.1
90,4.2
81,4.4
120,4.0
84,5.2
125,4.0
166,3.0
174,2.0
253,2.4
308,2.6
309,3.0
307,3.0
278,4.4
100,5.2
106,6.1
93,6.1
150,5.7
151,5.7
128,6.8
126,7.1
240,6.8
262,6.4
201,5.7
97,5.7
152,4.0
111,4.9
157,4.6
101,7.1
150,6.1
168,6.8
207,7.1
308,6.8
160,6.4
167,4.0
311,4.9
279,7.9
302,11.7
291,8.2
294,10.1
271,11.7
280,10.1
290,7.1
284,7.5
295,6.6
296,5.7
178,4.9
133,3.3
157,4.4
229,4.0
260,4.0
322,4.0
318,4.6
280,4.4
299,3.3
286,3.3
166,2.0
131,1.6
102,1.4
117,2.0
245,1.1
284,1.1
255,1.0
85,0.6
96,1.1
161,1.1
124,0.9
120,2.0
92,2.0
123,1.4
142,1.1
74,1.1
66,2.6
128,2.8
50,4.0
43,3.3
102,3.3
101,3.3
143,2.0
78,1.4
124,0.9
196,1.4
238,1.6
181,2.2
301,1.9
313,2.8
205,1.6
102,0.9
175,0.9
169,0.9
121,1.3
69,1.6
135,2.6
169,3.0
145,3.5
145,4.0
142,4.9
136,3.8
143,4.9
56,5.4
124,4.9
100,3.8
171,4.0
147,3.0
100,2.6
111,1.9
123,3.5
61,3.0
149,2.4
52,2.2
66,2.2
111,3.0
100,3.3
69,3.5
151,3.5
146,3.0
67,3.8
115,3.5
60,2.8
114,4.2
3,4.9
16,5.4
110,4.6
92,4.2
40,2.0
105,1.4
89,1.8
84,2.2
102,2.4
132,1.9
115,1.3
311,2.8
141,2.2
144,1.1
83,0.9
57,1.6
41,3.0
12,4.4
318,2.8
348,2.4
354,1.9
9,2.4
347,1.9
122,1.1
69,0.7
137,1.1
128,1.0
144,1.1
186,0.6
181,0.2
194,0.1
190,0.1
292,0.0
290,0.0
185,0.3
242,0.9
299,0.5
320,0.4
306,0.4
274,0.7
275,0.6
285,1.3
300,0.9
286,1.6
254,1.8
107,1.9
145,1.4
76,1.8
138,1.3
100,1.9
55,2.0
103,3.5
56,2.6
359,2.2
129,1.4
134,1.8
119,3.3
97,2.2
145,3.5
90,2.6
82,1.9
76,2.2
33,2.2
30,1.3
82,1.3
15,1.6
48,1.6
345,1.3
322,0.8
8,1.0
98,0.9
322,1.6
358,1.9
56,2.2
315,2.8
98,2.2
108,1.9
352,0.5
36,0.2
16,0.3
20,0.9
78,1.1
112,3.8
143,3.5
135,4.0
109,4.9
105,4.6
57,3.5
171,5.2
105,7.1
318,6.6
209,4.6
310,5.4
294,4.6
277,3.0
236,3.3
223,3.0
101,3.8
243,4.4
295,5.7
294,5.2
295,5.4
297,4.6
297,4.9
286,4.4
287,6.1
290,6.4
246,6.1
176,4.8
175,5.4
44,6.1
112,5.1
290,4.8
224,5.1
253,2.8
278,2.5
227,2.8
241,3.2
284,2.1
243,2.3
292,3.2
186,2.5
209,2.1
248,3.0
199,2.8
61,3.2
109,5.1
39,4.0
32,3.6
99,2.3
356,1.1
92,1.1
210,1.1
215,2.1
306,1.9
259,2.3
247,3.2
290,3.8
288,2.3
303,1.3
255,1.6
79,1.9
30,2.8
8,2.1
334,1.1
325,2.1
340,1.3
352,1.7
7,1.3
34,1.3
95,3.0
97,4.5
68,4.3
69,5.4
60,4.5
69,5.4
181,5.1
233,4.3
219,3.6
252,3.6
107,4.3
235,3.6
295,5.4
175,3.8
200,3.8
280,4.3
196,5.1
242,4.3
282,3.0
234,1.9
230,2.3
273,2.5
292,3.2
229,4.8
236,5.7
285,6.1
172,4.8
6,4.8
77,3.6
66,3.8
16,2.5
80,1.6
39,1.6
12,3.8
43,4.8
256,6.4
117,4.3
35,4.5
93,3.2
81,3.5
103,3.2
60,3.8
34,4.3
65,5.7
49,6.4
101,6.1
93,7.3
166,8.5
101,8.1
55,6.4
26,4.8
346,4.0
324,5.4
17,4.8
61,2.5
13,3.5
61,4.3
195,4.8
224,6.1
270,6.1
251,6.7
234,6.7
267,7.0
266,7.6
256,7.5
260,5.1
311,3.6
287,3.8
273,1.6
259,1.4
234,2.1
88,2.5
243,1.1
197,1.4
242,1.3
261,1.6
254,1.3
219,2.8
28,3.0
64,1.7
238,3.0
85,2.1
49,0.7
26,0.5
359,1.1
337,1.0
48,1.7
23,1.9
10,1.9
5,1.6
356,1.7
356,3.2
20,3.2
37,3.0
39,3.2
12,4.0
353,3.5
20,1.6
36,2.3
351,2.8
327,2.8
344,1.9
1,2.8
353,1.4
22,1.1
5,1.3
9,0.9
37,1.4
232,2.3
234,3.2
243,1.6
179,2.3
146,2.5
246,2.8
264,2.8
295,1.7
300,2.8
144,2.8
96,3.6
205,1.9
280,1.6
264,2.5
134,3.0
56,2.5
55,3.2
79,2.5
324,1.4
336,1.0
35,0.9
17,1.0
352,1.7
336,3.0
11,3.2
100,2.3
173,1.7
192,2.3
227,1.6
255,1.9
278,1.6
220,0.9
268,0.7
247,0.8
294,0.6
244,0.3
231,0.2
158,0.0
66,0.2
78,0.2
98,0.5
109,0.7
2,0.9
7,0.9
91,0.7
247,1.4
243,2.1
239,1.9
34,2.1
227,2.5
266,2.3
224,0.8
276,0.6
277,1.9
113,3.0
170,2.3
156,2.1
244,2.5
220,4.3
252,3.6
256,3.8
239,3.6
280,3.8
275,6.1
286,5.4
244,4.3
267,5.7
282,5.1
294,5.1
311,4.8
326,3.8
305,4.3
289,5.7
258,6.1
316,7.8
291,7.0
292,5.1
251,4.8
275,6.7
174,4.8
256,3.5
272,3.0
251,1.3
297,2.3
282,4.3
250,4.0
283,4.3
279,5.1
258,4.8
270,3.5
256,2.1
255,1.9
247,1.4
278,1.3
226,1.3
272,0.6
257,0.9
239,2.3
250,2.1
257,1.1
98,1.3
150,2.8
247,2.8
254,2.5
307,1.4
282,0.8
254,1.3
271,2.5
260,3.8
194,3.0
230,4.3
164,4.3
278,4.3
268,3.2
240,3.5
204,3.2
109,1.3
20,1.7
13,1.7
37,1.4
99,1.6
7,3.5
34,2.3
112,1.1
47,0.6
150,0.6
238,0.8
191,0.8
250,0.6
275,0.6
247,0.5
224,0.3
236,0.1
162,0.1
257,0.1
198,0.1
254,0.1
255,0.1
268,0.3
299,0.8
258,1.0
284,0.5
270,0.4
284,0.3
271,0.2
310,0.3
277,0.7
310,1.4
250,0.9
259,0.8
299,0.6
204,1.6
107,0.8
100,0.8
51,0.6
69,1.0
100,1.6
17,1.6
21,2.3
18,3.2
359,4.5
352,4.0
352,2.3
26,1.0
31,0.8
355,0.6
17,0.8
344,2.1
19,2.3
106,2.8
75,3.2
254,3.0
256,2.1
289,2.5
249,4.5
268,4.0
269,3.8
281,4.5
285,3.0
240,3.2
307,3.5
260,4.0
288,3.6
238,3.5
300,1.9
289,3.8
141,4.5
5,5.1
105,6.1
161,6.1
101,4.8
104,5.1
153,5.1
14,5.1
25,3.0
7,3.5
31,2.5
344,4.0
349,4.5
19,5.7
341,5.7
6,7.0
99,8.1
101,8.5
89,7.6
265,5.4
263,7.3
280,6.1
322,5.7
285,4.5
245,3.2
285,1.7
273,1.0
234,1.4
77,1.7
41,1.9
1,3.0
105,3.2
84,3.0
61,3.0
111,3.5
41,3.2
55,2.8
104,1.9
34,2.8
105,1.7
338,1.4
51,0.8
10,1.4
78,0.8
202,0.9
251,1.0
266,1.3
303,1.0
304,0.2
230,0.2
280,0.4
303,0.4
272,0.4
292,0.5
255,0.3
227,0.3
271,0.5
243,0.8
330,1.4
303,0.9
293,0.8
297,0.9
320,1.1
313,1.4
304,1.9
302,2.5
240,2.1
249,3.5
309,3.6
284,5.7
192,5.1
178,5.1
204,4.3
220,4.0
284,2.5
252,3.2
289,3.2
297,3.6
241,3.5
204,4.0
265,4.3
11,4.0
40,5.1
11,4.0
22,4.0
108,6.1
184,7.0
237,6.1
100,5.1
20,4.5
19,4.5
79,4.0
102,5.4
269,4.3
91,5.1
274,5.4
242,4.8
237,6.7
245,5.4
242,3.8
214,3.6
240,3.2
249,3.5
178,2.8
249,2.5
272,2.5
246,3.6
319,3.0
310,1.4
306,1.7
296,3.0
300,3.5
280,4.8
282,4.0
318,3.2
319,2.8
294,2.3
329,3.2
265,2.5
282,2.5
257,2.5
274,1.3
276,1.6
192,3.5
12,2.3
54,2.5
75,1.9
2,2.1
21,0.9
348,1.9
351,3.0
332,2.3
354,2.5
346,1.9
344,2.5
348,1.4
3,1.0
353,1.3
348,3.0
348,3.8
353,4.5
325,6.4
12,7.0
59,6.4
98,5.7
249,4.0
170,2.1
113,2.1
176,3.0
239,1.7
50,2.8
151,3.5
261,3.6
63,3.0
208,2.1
214,1.4
279,1.3
255,0.5
175,0.7
82,0.9
19,0.6
36,0.6
34,1.3
84,3.6
11,3.0
159,1.3
246,2.3
230,0.9
45,1.6
234,3.2
273,3.0
273,4.0
115,3.8
11,3.6
353,6.1
350,4.0
343,2.3
338,1.9
351,2.1
29,3.2
357,3.0
327,1.7
63,2.3
352,2.3
107,2.1
47,2.3
96,0.8
121,0.8
75,0.6
355,1.7
39,1.7
36,0.6
349,0.2
5,0.1
355,0.2
54,0.1
98,0.3
158,0.9
232,0.7
244,0.5
223,0.3
273,0.2
288,0.0
261,0.1
287,0.3
273,0.3
289,0.4
205,0.5
250,0.5
227,0.9
224,0.8
267,1.1
47,1.3
119,0.6
157,0.8
272,1.1
281,2.8
289,2.5
304,2.3
257,1.9
299,2.1
280,3.0
289,2.3
270,2.1
198,1.9
180,1.6
261,0.6
195,1.7
270,1.1
256,2.5
239,1.7
248,1.4
287,0.9
263,0.6
245,0.4
261,0.8
265,0.7
258,1.3
245,0.8
264,1.4
284,1.7
234,2.1
311,1.7
251,1.4
256,1.3
223,1.7
173,1.7
49,2.3
100,1.9
225,1.4
56,1.4
38,1.3
98,0.6
97,1.6
78,1.7
62,3.0
96,1.7
15,1.3
62,0.5
47,0.5
356,0.6
73,0.7
13,0.4
15,0.5
351,1.0
352,1.3
43,1.9
211,2.1
105,1.3
222,1.4
278,0.9
275,1.3
50,1.4
57,1.1
173,1.4
20,2.1
341,3.0
330,2.1
52,1.9
39,2.1
347,1.3
47,0.6
73,0.5
17,1.3
48,2.1
67,2.8
30,1.4
12,1.3
3,0.7
12,0.9
29,1.3
55,1.6
106,0.5
246,0.4
240,0.3
231,0.4
272,1.0
260,1.9
312,2.1
309,2.5
266,1.4
227,0.7
109,1.0
87,1.4
65,3.0
63,2.5
43,1.4
164,0.6
21,1.9
3,2.1
70,1.9
63,1.9
4,1.9
63,2.3
239,1.6
243,2.3
163,2.3
62,3.5
99,4.5
88,5.1
248,7.0
243,5.4
43,4.3
162,3.0
262,2.5
242,3.5
156,6.1
181,6.1
267,6.4
246,7.3
311,8.1
255,7.8
289,7.0
310,5.4
307,4.5
308,4.8
309,7.3
306,4.3
311,4.5
292,4.5
279,3.8
288,3.5
307,2.8
302,2.8
292,4.0
315,5.7
307,6.7
316,5.7
302,3.2
317,2.8
297,2.5
313,2.1
321,4.3
306,3.6
326,2.3
321,3.2
301,3.8
313,2.3
306,3.2
309,5.1
327,5.4
256,4.0
231,7.0
244,7.0
270,7.5
271,6.4
297,5.1
235,6.4
282,8.1
242,9.6
261,11.2
292,13.0
311,8.9
324,8.9
293,10.4
293,9.6
307,8.1
285,9.6
253,11.2
301,9.6
106,8.9
153,8.5
61,8.9
212,7.3
216,9.0
280,8.6
233,8.2
191,8.6
70,6.6
112,5.7
265,5.7
283,4.8
304,4.0
300,3.6
278,4.8
291,7.0
316,6.0
313,5.1
264,4.8
225,6.0
244,5.4
73,3.6
77,2.1
66,2.7
61,2.7
39,2.9
206,3.6
152,4.0
132,4.5
100,6.0
77,6.0
74,4.2
66,4.8
353,4.8
5,5.4
9,4.2
2,5.1
5,4.2
359,5.7
1,4.5
32,3.6
357,4.0
11,5.1
353,4.2
352,3.3
226,4.5
38,5.4
77,5.7
82,6.0
82,5.4
1,3.3
69,3.1
65,4.2
12,4.5
210,4.5
163,6.6
89,5.1
68,3.8
59,3.6
85,2.1
208,2.1
216,1.9
126,1.0
164,2.1
158,2.7
75,1.9
19,0.8
0,0.7
22,0.4
251,1.2
148,2.1
51,2.1
44,1.0
83,2.1
52,1.9
34,1.1
217,1.0
29,0.8
16,0.4
34,0.3
282,0.2
254,0.3
254,0.5
227,0.8
61,0.5
24,0.0
75,0.0
82,0.0
79,0.2
254,0.3
247,0.7
307,0.6
287,0.3
305,0.5
285,1.0
306,0.8
282,1.2
253,1.9
292,2.1
226,2.5
237,2.7
264,2.5
211,2.7
238,5.1
294,3.6
319,2.9
279,2.3
297,2.9
317,1.7
286,2.1
281,2.3
301,2.1
291,1.9
280,1.9
223,1.5
217,1.5
316,1.3
299,1.5
282,1.9
285,1.9
254,3.1
269,3.3
237,2.9
272,2.3
271,1.7
276,2.7
265,1.3
269,2.3
300,3.6
294,1.7
233,2.9
264,3.6
260,5.4
295,5.4
315,5.7
239,6.6
239,6.6
285,8.2
289,10.7
276,9.9
295,13.0
325,8.2
315,7.9
293,8.2
313,10.7
296,8.6
296,9.0
277,7.3
260,6.6
188,6.6
203,7.0
187,4.8
158,4.0
256,3.1
264,1.2
278,2.3
214,3.1
205,3.6
74,3.1
238,2.5
255,1.3
250,1.0
85,1.9
14,1.9
39,1.3
0,1.3
92,1.0
220,1.0
252,0.8
201,0.2
258,0.5
214,0.4
76,0.4
24,0.5
21,0.5
353,0.8
9,1.1
357,1.5
356,1.5
12,1.9
18,1.9
63,2.1
16,3.6
22,2.1
35,1.9
27,1.1
36,2.5
163,1.2
65,1.1
81,1.2
31,2.9
55,3.8
87,4.8
56,3.3
250,4.5
229,5.7
293,6.0
293,5.1
298,6.0
286,4.2
283,3.1
254,3.3
239,2.5
282,3.1
315,4.5
296,4.8
233,3.8
293,4.0
328,4.5
293,4.5
294,5.1
216,5.7
293,7.0
322,6.6
291,4.2
286,2.9
260,0.7
280,0.8
262,1.7
197,1.1
258,0.7
269,1.3
256,2.3
66,2.7
64,3.6
52,4.0
357,2.7
9,3.1
331,2.5
73,2.7
65,1.5
59,3.8
22,4.5
62,3.3
224,2.9
266,3.3
244,3.6
286,3.1
264,3.1
194,3.3
160,2.5
28,2.9
4,3.1
14,2.7
28,2.5
220,2.7
145,3.1
158,1.3
151,2.9
253,2.5
231,2.9
227,2.5
200,1.2
79,2.3
77,1.3
87,1.1
65,2.1
25,3.6
120,2.1
78,1.5
22,1.3
1,0.7
69,0.8
19,1.1
41,1.3
69,1.5
57,1.9
9,1.3
6,3.6
27,4.2
42,3.6
73,1.5
207,0.7
227,0.8
230,1.2
268,1.3
157,2.3
235,2.3
214,3.1
253,2.1
236,1.1
251,1.9
254,1.2
284,1.5
267,2.1
218,2.1
299,3.3
291,3.6
315,3.6
233,1.5
217,1.5
277,1.2
205,1.9
159,1.0
212,0.8
25,1.2
17,1.9
197,3.1
259,4.0
77,5.7
118,5.7
162,5.1
115,3.3
35,3.8
76,1.5
157,1.5
50,1.7
88,1.7
162,2.9
253,2.1
210,2.1
43,1.7
35,2.1
158,2.5
66,2.1
158,0.8
31,1.2
43,1.7
46,1.3
38,2.1
353,2.1
352,3.6
79,5.1
54,6.0
51,6.6
80,7.3
75,5.1
221,3.6
92,3.6
74,2.3
259,3.1
263,3.1
245,3.8
150,2.3
82,1.0
357,2.1
344,1.7
54,2.3
82,1.2
72,1.0
79,0.6
54,0.2
33,0.1
35,0.1
36,0.3
109,0.1
69,0.4
35,0.4
62,0.7
51,0.4
199,0.3
269,0.4
286,0.3
279,1.0
254,1.0
250,0.5
247,0.5
261,0.6
211,0.7
257,1.0
303,1.0
217,1.0
223,1.7
242,2.3
193,1.3
232,2.1
203,1.0
226,1.7
263,2.7
66,3.8
95,3.1
107,3.8
85,3.6
69,3.8
201,6.6
228,4.5
245,5.4
158,5.1
127,2.5
197,3.6
214,3.6
123,2.9
86,2.7
30,2.3
84,1.0
36,1.0
271,1.3
280,1.9
108,1.3
20,0.7
57,0.6
49,0.4
353,0.1
359,0.1
25,0.1
333,0.8
40,0.7
69,1.0
30,0.7
94,1.3
139,1.5
274,2.7
270,2.1
163,1.5
188,1.7
259,0.1
249,0.1
259,0.5
274,0.3
298,0.2
277,0.4
292,0.4
296,0.8
283,1.9
287,2.5
280,3.6
288,4.5
286,3.1
301,2.7
329,2.5
288,2.9
300,3.1
298,3.3
264,4.5
215,5.1
233,4.8
76,3.8
41,3.8
18,4.2
66,4.8
79,2.1
241,3.3
178,4.0
217,2.9
26,2.1
96,1.5
78,1.0
70,1.3
165,0.8
160,0.8
200,0.4
274,0.6
228,0.6
182,1.2
244,2.1
285,2.5
263,2.5
199,1.9
238,1.2
262,1.2
255,1.0
266,1.3
260,1.5
197,1.3
264,1.9
249,2.7
284,3.6
239,4.5
236,2.9
222,2.9
302,2.5
211,1.9
289,2.7
289,3.8
278,2.9
205,2.5
78,2.7
42,2.5
359,3.6
28,2.5
77,3.1
100,3.8
282,4.2
189,3.8
91,2.7
219,1.9
41,1.9
356,2.7
31,3.1
354,3.1
8,1.9
78,2.5
42,1.7
89,2.1
245,2.1
144,1.3
199,1.5
227,0.6
225,0.6
275,1.0
175,0.7
77,1.2
28,1.5
55,1.5
39,1.5
37,1.2
71,1.0
15,0.6
37,0.7
25,0.8
340,0.3
353,0.4
48,0.3
356,0.4
17,0.7
89,0.5
39,0.3
220,0.3
196,0.3
126,0.2
67,0.6
65,1.5
46,1.0
37,1.3
236,3.6
265,3.8
238,3.6
246,2.3
270,3.3
237,3.3
244,4.8
260,4.8
221,7.6
160,6.6
36,7.3
229,7.9
121,7.0
88,5.1
71,7.9
52,7.6
353,9.9
22,11.6
174,9.5
244,9.0
229,9.5
78,7.3
247,6.6
118,5.1
125,3.6
79,4.8
36,4.5
29,6.6
76,5.7
54,6.6
109,5.7
30,5.4
29,3.8
80,2.9
100,3.8
62,4.0
28,3.1
13,1.7
297,2.3
247,1.7
72,3.1
31,4.0
165,2.9
134,2.3
73,2.3
250,1.3
252,1.3
265,0.8
261,1.9
83,2.7
255,2.5
245,3.1
241,4.0
261,4.0
207,4.8
260,3.8
241,2.9
280,5.4
278,3.6
241,4.0
269,3.6
281,3.1
250,3.1
42,2.3
70,3.1
65,4.0
0,6.0
120,6.6
354,4.8
73,5.1
205,6.0
70,6.0
276,7.3
82,4.8
42,5.1
31,3.3
38,2.9
30,3.3
30,4.2
130,2.7
37,2.3
28,1.9
5,1.7
352,2.5
359,1.5
333,1.2
356,0.7
355,1.3
356,1.5
338,0.8
34,1.0
22,1.0
44,2.3
17,1.3
12,1.9
22,1.7
63,1.7
340,2.1
37,2.1
3,2.5
355,1.1
348,1.9
348,3.8
29,2.7
2,2.5
24,2.3
225,1.7
80,2.9
170,3.6
219,2.5
288,2.1
241,2.1
254,1.0
118,1.5
264,3.1
152,5.1
213,5.4
233,4.5
242,3.8
268,4.8
241,4.0
236,4.5
123,4.5
153,4.8
83,4.5
71,6.0
31,5.7
41,6.6
18,7.0
78,4.2
251,4.0
293,5.7
247,7.9
218,7.6
57,6.0
215,6.0
268,6.6
203,4.2
246,2.9
270,2.5
322,1.7
250,2.3
256,1.9
289,1.7
282,1.5
289,1.7
253,2.1
242,1.9
269,1.5
295,1.9
265,2.9
259,2.5
299,3.1
227,2.3
286,3.3
299,2.9
279,3.1
302,2.9
284,1.5
302,2.7
318,1.9
286,1.0
286,1.2
286,0.3
284,0.4
293,0.7
255,0.8
236,0.7
299,1.5
275,1.3
266,1.2
265,1.1
287,1.1
247,2.1
62,1.7
73,1.5
212,1.2
218,3.6
223,2.9
270,1.9
235,2.3
239,1.9
217,1.7
74,1.3
24,2.9
212,2.7
156,2.5
273,1.7
201,1.3
43,1.5
31,2.1
75,1.5
189,1.5
66,4.2
21,3.1
172,2.9
113,2.5
87,2.3
223,5.1
228,4.5
298,6.0
274,6.6
286,4.5
252,5.4
236,4.8
233,3.3
220,1.7
112,1.2
255,1.2
221,0.3
150,1.0
232,0.4
292,0.3
307,0.3
293,0.8
299,0.5
286,0.6
290,1.2
303,1.7
285,3.1
277,4.2
306,4.8
300,4.8
288,6.0
291,5.1
316,4.2
288,4.0
290,4.5
278,7.6
296,5.1
245,4.5
250,7.0
267,4.2
223,5.1
268,4.5
248,3.7
229,3.5
250,1.8
302,3.0
268,2.0
196,2.4
90,1.1
85,2.6
144,3.9
198,4.8
226,2.4
89,2.0
40,3.3
39,3.9
107,3.3
280,3.5
235,1.8
277,1.5
254,2.6
235,2.6
259,3.5
268,1.5
282,1.3
321,1.5
306,2.4
303,3.3
253,2.8
303,3.3
310,1.8
279,2.6
277,3.7
266,3.0
254,5.1
306,5.4
171,7.2
155,9.3
222,8.7
255,13.3
207,10.3
267,8.0
281,6.7
259,5.1
210,3.0
285,4.2
273,3.7
273,3.9
278,6.0
306,5.6
321,7.5
303,4.2
307,2.8
301,2.8
294,2.0
324,0.8
330,0.5
274,0.9
282,1.0
271,1.0
254,0.9
272,0.6
256,0.9
266,0.8
224,0.8
278,2.0
274,2.8
315,4.2
308,3.0
308,4.5
334,3.5
299,2.8
300,3.0
296,2.0
311,2.0
324,2.6
314,1.1
302,1.0
317,1.5
327,1.5
298,2.2
295,1.7
338,1.8
335,2.2
343,1.8
280,1.7
284,0.9
285,0.8
255,0.5
281,0.7
212,1.5
268,1.1
286,1.0
226,1.5
191,1.0
223,0.6
84,0.2
112,0.2
198,0.5
134,0.3
268,0.4
264,1.0
331,0.7
312,1.7
308,1.3
298,1.7
342,1.7
302,0.8
302,2.0
299,2.2
329,1.5
314,0.5
311,0.5
300,0.5
323,0.6
324,0.6
311,2.4
291,1.5
268,0.9
351,1.3
314,1.5
316,1.5
299,0.9
264,1.0
261,1.7
262,1.0
223,1.3
56,1.3
82,0.6
346,0.4
59,0.8
66,0.3
134,0.2
217,0.1
270,0.2
290,0.1
287,0.2
296,0.2
358,0.0
283,0.1
275,0.1
294,0.0
290,0.5
277,1.3
259,1.5
299,1.8
265,0.7
220,1.1
269,2.4
264,1.1
138,2.8
63,3.5
82,2.4
78,2.8
357,4.2
21,2.4
46,1.5
29,1.7
341,2.6
16,1.5
24,3.0
345,2.4
336,2.2
348,1.8
341,2.0
342,1.8
340,4.5
348,5.4
344,6.3
344,4.8
336,3.5
20,3.9
347,2.0
11,1.8
69,2.2
15,1.3
348,3.9
100,5.1
260,5.4
259,3.3
251,4.2
279,7.2
281,6.0
265,7.5
277,7.5
243,8.0
309,6.3
252,6.0
302,6.0
306,4.8
282,5.4
249,5.1
264,7.2
276,8.5
287,9.3
248,11.7
213,11.0
237,6.7
301,5.4
282,6.7
285,6.0
233,5.4
182,4.2
217,5.4
240,6.7
250,8.0
295,4.8
311,3.3
272,3.7
264,2.2
253,1.5
255,2.4
184,1.8
132,1.0
70,0.1
82,0.4
107,0.2
2,0.2
26,0.4
82,0.7
3,1.8
67,2.2
98,1.5
199,2.6
95,1.5
133,3.0
257,1.1
255,1.0
260,1.3
249,1.3
275,2.4
251,2.0
226,2.4
200,2.8
213,5.1
257,5.1
144,5.4
52,4.8
194,4.2
270,4.5
250,6.0
255,5.1
221,6.0
268,7.2
283,10.3
249,6.3
309,6.7
111,5.1
253,4.5
251,4.2
240,3.9
108,3.7
113,3.5
112,4.2
74,3.0
176,2.6
196,4.5
232,2.2
118,3.3
39,3.5
24,3.7
21,8.0
40,9.3
331,7.5
326,4.2
345,3.3
58,3.3
352,2.4
57,3.7
8,2.6
14,3.0
72,5.1
77,2.6
54,3.9
48,4.5
5,4.5
120,3.7
8,3.5
103,3.5
85,3.9
59,4.2
91,4.2
16,3.7
344,4.5
14,5.6
126,4.5
116,3.3
192,3.9
77,4.5
107,3.0
98,3.3
214,1.5
272,1.8
234,1.7
109,0.8
296,1.0
227,1.5
141,2.2
156,2.0
82,2.0
125,1.8
199,0.9
140,0.8
215,1.3
139,0.6
73,0.8
113,0.4
57,0.1
17,0.0
28,0.1
350,0.4
4,0.9
47,2.0
18,4.2
1,3.9
39,3.5
90,4.8
358,6.7
14,4.8
19,2.6
78,3.7
30,3.0
142,3.7
280,4.5
234,4.5
136,5.4
265,6.0
179,4.2
227,3.9
208,2.8
140,4.2
261,3.0
231,2.4
139,1.5
258,1.0
307,0.7
254,0.3
258,0.7
269,1.3
225,1.8
147,2.6
288,3.3
138,3.7
85,2.0
91,2.0
121,1.1
76,2.4
86,2.2
80,2.6
107,3.0
120,3.9
276,3.9
299,4.5
107,5.6
129,6.3
142,7.2
258,5.6
215,5.1
229,3.7
135,2.4
129,2.0
300,2.8
252,3.9
208,3.3
252,3.3
300,3.3
251,3.3
254,2.6
269,2.0
261,2.0
247,1.0
181,0.9
197,1.5
269,1.8
267,2.4
278,2.0
272,1.0
285,1.5
247,1.3
54,1.7
79,1.5
101,2.6
96,2.2
48,2.2
185,3.7
261,3.9
70,4.5
5,6.3
57,7.5
344,6.0
43,4.5
79,3.0
76,2.8
4,3.0
8,2.6
35,2.6
57,1.7
38,0.3
62,0.2
90,0.3
97,0.5
139,0.3
44,0.1
20,0.2
5,0.2
53,0.5
62,0.3
82,0.2
59,0.3
125,0.5
58,0.5
2,0.2
340,0.4
336,0.6
357,0.5
1,1.3
342,1.3
38,0.8
10,0.6
65,0.3
75,0.9
102,1.0
15,2.0
85,1.8
55,0.8
3,1.3
65,2.0
99,2.4
99,1.7
227,1.5
218,2.0
189,2.4
253,3.3
269,3.3
274,2.6
315,4.2
316,4.5
304,3.0
335,3.5
313,3.9
333,3.5
322,3.3
302,1.3
301,1.3
302,1.5
319,2.4
305,3.0
322,2.2
298,2.8
298,3.3
310,2.0
318,1.3
335,1.0
269,0.6
285,0.5
11,0.2
44,0.6
64,0.8
99,0.8
236,0.8
177,1.1
142,1.5
46,2.0
119,3.7
256,2.8
289,2.2
260,2.8
255,3.3
269,4.2
263,4.5
279,3.3
289,2.6
328,2.2
329,2.6
330,1.8
322,1.7
318,1.5
305,1.7
309,1.8
326,3.7
305,2.6
307,1.5
334,1.7
321,2.2
301,1.5
327,1.8
312,2.2
330,2.0
269,3.0
340,2.2
266,3.0
293,3.5
142,4.5
75,4.5
64,3.7
16,2.8
19,2.0
26,1.5
2,0.5
32,0.3
48,1.5
342,2.2
21,2.6
352,1.5
351,1.3
332,0.9
347,1.8
336,0.6
337,0.4
330,0.3
4,0.5
44,0.4
9,0.3
80,0.3
36,0.5
68,0.6
69,0.5
4,1.1
59,1.0
9,1.5
339,1.3
336,1.8
352,4.2
333,6.7
339,8.0
31,5.6
330,6.0
342,6.3
28,5.1
348,4.2
68,3.3
53,2.4
65,3.3
341,1.5
5,3.0
339,4.5
350,2.2
36,1.3
15,2.0
339,1.7
356,3.0
2,2.4
11,2.4
0,2.2
347,2.2
14,1.3
60,2.0
57,2.4
356,3.0
348,2.2
59,1.8
55,1.1
108,0.7
235,0.8
204,1.1
74,2.0
38,0.8
54,1.5
337,1.1
56,2.4
66,2.2
77,2.6
51,1.1
70,0.8
67,1.3
136,0.7
240,0.9
225,1.1
267,1.5
269,2.0
286,1.7
205,2.4
223,2.6
195,2.2
130,3.0
226,3.3
146,3.3
357,0.5
73,0.6
34,0.7
21,0.6
331,0.8
2,0.6
72,0.2
3,0.4
26,0.0
47,0.3
77,0.2
106,0.2
78,0.1
41,0.3
21,0.4
26,0.4
23,0.7
71,2.4
339,1.0
341,2.4
340,1.0
346,1.5
339,0.8
355,0.4
53,1.3
24,0.9
50,1.0
61,1.1
352,1.3
335,1.1
55,1.3
52,2.6
48,1.5
0,1.3
71,1.7
18,2.6
16,2.4
88,2.8
86,3.5
202,1.7
266,1.7
230,1.7
224,3.0
258,3.9
116,3.3
223,2.2
244,3.0
279,3.0
231,3.7
295,5.1
219,6.7
197,4.8
50,5.6
32,5.6
54,4.2
60,4.2
46,3.0
9,2.8
28,4.5
345,3.9
145,3.7
121,4.8
219,4.5
269,5.1
199,5.1
76,5.1
74,4.5
42,6.7
68,5.6
75,6.7
130,5.6
227,6.0
236,4.5
269,4.8
260,5.6
243,5.4
128,4.2
132,3.5
258,2.0
61,2.0
193,2.4
271,3.7
260,2.8
262,1.5
262,1.5
256,1.7
299,1.0
273,0.9
262,1.5
138,0.9
347,1.8
69,3.3
86,3.5
50,1.3
117,1.5
185,2.6
133,2.2
270,1.3
272,0.7
297,0.5
195,1.3
217,1.0
253,0.5
260,1.3
288,2.0
260,2.4
340,3.5
335,3.0
311,3.5
326,2.0
263,1.5
261,2.2
262,2.2
345,3.5
263,2.6
254,1.5
272,1.3
258,1.5
274,1.7
262,1.7
249,1.5
205,1.7
12,3.0
16,4.2
9,3.5
31,3.0
19,2.0
9,2.0
120,1.3
253,0.5
272,0.7
279,0.8
268,0.7
254,0.9
338,1.0
280,1.7
295,1.7
317,0.7
313,0.3
300,0.5
335,0.7
330,0.7
331,0.5
320,0.3
330,0.6
306,0.5
330,0.7
340,1.1
239,2.2
292,1.7
264,2.8
276,5.4
284,3.7
330,5.6
279,7.5
264,8.5
304,8.0
200,6.7
227,6.3
297,5.6
258,9.3
273,6.0
256,7.2
334,8.7
280,9.3
306,6.7
320,6.0
172,5.9
34,4.3
55,3.7
40,2.5
323,2.3
324,1.0
46,1.8
8,0.8
347,0.8
331,1.1
347,0.8
3,0.8
12,0.9
1,1.0
13,1.0
45,0.6
33,0.3
32,0.7
43,1.2
60,2.3
49,2.5
71,3.9
37,2.5
50,2.0
69,0.9
89,1.4
46,2.0
74,2.8
56,2.8
82,3.1
168,3.5
221,2.8
118,2.0
75,2.0
33,3.3
25,2.5
25,1.5
88,0.6
201,1.7
217,1.7
214,0.8
208,1.1
231,1.5
283,2.5
300,2.0
227,3.1
193,1.2
205,0.7
46,0.5
339,0.3
4,0.2
337,0.2
6,0.2
346,0.2
326,0.1
46,0.1
333,0.1
5,0.1
356,0.1
350,0.2
348,0.2
356,0.2
348,0.1
4,0.1
349,0.1
45,0.0
73,0.0
180,0.1
235,0.2
234,0.1
225,0.0
200,0.1
234,0.2
237,0.5
255,0.6
258,0.2
241,0.2
260,0.4
179,0.4
70,0.3
162,0.4
204,0.5
256,1.2
71,2.0
268,2.5
226,3.3
289,3.1
238,3.5
268,3.7
283,3.7
275,5.2
327,4.1
329,5.2
297,5.2
300,5.2
310,3.3
220,2.5
228,1.8
224,1.2
234,1.7
241,3.1
236,2.3
220,1.4
230,2.0
229,1.4
91,2.3
129,1.5
233,2.8
221,2.5
236,1.8
249,1.5
171,1.4
79,1.5
157,0.9
86,0.9
73,0.6
82,0.9
50,1.7
85,2.5
27,2.5
72,1.2
51,2.0
63,1.1
183,0.8
16,2.3
48,1.4
24,1.0
71,0.9
143,1.1
38,0.7
31,1.0
22,1.4
58,1.1
233,1.2
248,1.0
224,1.7
220,1.4
166,1.2
77,1.1
55,1.5
66,1.8
224,0.5
47,0.6
49,1.2
80,1.7
30,2.8
33,1.4
74,1.8
73,2.5
201,3.7
180,4.1
59,2.5
195,5.2
102,4.1
194,4.1
204,2.8
101,1.7
84,1.7
14,2.0
331,3.5
332,4.6
332,5.2
29,2.8
67,4.3
166,2.3
193,1.8
245,2.5
191,3.1
57,3.3
80,2.5
38,4.3
231,3.5
75,5.2
153,4.1
231,2.8
200,3.9
214,4.9
217,5.2
103,6.3
58,10.7
99,6.7
32,7.1
45,13.2
358,9.9
40,10.7
340,8.9
45,8.1
71,5.9
271,4.1
218,6.3
196,3.1
242,2.3
229,2.0
257,1.7
276,1.2
294,2.5
236,1.5
240,1.7
121,1.5
215,2.0
235,3.1
290,2.0
340,2.5
327,3.7
320,2.0
211,2.8
336,3.3
292,2.8
284,2.5
306,1.7
310,1.7
242,1.4
261,1.2
267,2.0
67,2.8
83,2.5
217,3.5
241,3.3
237,3.5
197,3.1
210,2.5
183,2.3
72,1.4
217,1.5
247,1.2
313,1.0
292,0.7
227,0.5
228,0.8
52,1.2
50,2.3
75,1.5
74,1.8
162,2.3
107,3.1
74,3.5
183,2.5
226,2.3
250,1.1
235,0.4
222,1.5
240,1.8
244,1.8
204,0.4
230,0.2
168,0.6
72,1.0
148,2.0
168,2.0
197,1.8
224,2.5
183,3.1
225,4.1
263,4.6
174,5.6
22,7.1
344,7.1
25,8.1
43,7.1
139,4.9
66,5.9
117,6.7
98,5.6
38,5.9
241,5.9
45,5.2
132,6.7
62,7.1
224,7.1
212,5.2
183,4.6
251,3.7
287,2.0
298,1.8
284,1.4
248,0.6
237,0.3
252,0.2
43,0.4
225,0.4
246,0.9
236,0.7
242,1.7
248,1.0
248,1.0
215,1.4
221,1.5
209,1.4
207,1.1
240,2.5
200,2.3
239,2.3
235,1.8
66,1.5
111,3.1
227,2.8
197,2.0
232,1.2
214,0.6
56,0.7
18,1.0
59,1.8
130,1.5
92,1.0
56,1.7
125,1.2
157,1.8
217,2.0
254,3.1
257,3.3
149,2.8
77,3.5
3,2.5
84,2.3
243,1.5
215,1.4
254,2.8
341,2.5
311,2.0
316,2.8
318,3.1
303,1.5
321,3.1
317,3.1
301,4.3
285,7.5
316,8.1
240,5.9
208,7.1
205,6.3
226,5.2
223,4.6
268,4.6
226,7.5
261,6.3
85,7.1
91,8.9
54,4.6
29,4.6
358,4.6
52,5.2
15,4.1
229,4.9
210,3.9
147,5.9
164,5.6
210,5.6
199,4.6
271,3.5
232,3.7
262,2.0
303,1.1
318,2.5
229,2.0
312,1.7
318,1.5
310,2.0
281,2.0
295,1.2
329,2.3
280,1.8
319,2.8
294,2.0
277,1.5
291,4.3
297,6.3
297,5.6
271,4.9
327,4.1
310,4.9
248,5.9
200,5.2
198,5.2
62,6.7
73,8.1
341,6.3
29,3.3
2,2.5
68,3.3
24,5.2
49,5.2
18,3.7
21,4.6
32,3.7
157,4.6
252,5.6
252,3.7
259,1.5
312,2.0
294,2.8
233,2.8
225,1.5
225,1.7
236,1.4
220,2.5
174,2.3
182,1.5
240,1.2
219,2.0
162,1.7
236,0.7
223,1.1
247,0.7
260,1.1
79,2.0
166,1.5
81,1.5
69,3.3
66,3.1
41,3.1
29,0.8
65,1.1
153,1.1
39,0.7
46,0.6
71,0.9
70,0.6
165,0.4
51,0.8
96,1.0
22,0.9
85,0.6
285,1.4
237,1.2
263,0.2
326,0.5
260,0.5
215,0.6
247,1.5
208,1.4
234,2.3
241,1.8
271,1.4
233,1.7
245,2.5
259,3.9
229,2.5
87,2.5
194,3.1
73,2.0
22,1.7
27,0.9
355,0.4
15,0.5
60,0.5
32,1.0
93,2.8
140,2.3
99,3.9
74,3.7
131,3.1
173,3.7
220,3.3
224,1.1
264,1.1
220,1.4
251,3.7
227,3.3
230,2.3
235,1.8
251,2.3
247,2.8
275,1.8
184,1.5
162,1.2
160,1.8
169,2.0
220,0.6
209,0.3
194,0.4
167,0.4
177,0.5
262,0.3
244,0.3
205,0.5
46,0.7
184,0.9
205,0.6
91,2.0
40,2.8
159,2.3
50,1.0
56,1.0
282,0.8
199,0.7
65,0.5
41,0.6
62,1.1
131,2.3
149,2.8
218,2.5
220,2.8
237,1.4
247,1.0
230,1.4
156,2.5
58,2.3
159,1.8
204,3.1
222,4.6
71,2.5
90,4.6
156,3.7
237,4.1
255,3.9
96,3.5
99,5.6
212,5.6
245,3.7
217,4.6
222,2.8
219,3.9
222,2.3
259,1.4
244,1.4
285,1.5
220,0.6
275,0.6
227,1.4
239,2.0
325,2.0
312,1.7
303,4.6
326,4.1
240,3.1
327,2.0
233,2.8
228,3.3
221,3.5
212,3.1
277,2.8
127,4.3
60,2.5
86,2.3
82,1.8
76,3.1
62,4.9
59,4.3
343,4.3
341,4.1
356,3.3
336,4.1
335,4.6
338,4.3
340,4.6
333,3.7
349,1.5
337,3.3
62,4.6
47,4.3
29,4.1
50,4.3
133,5.6
32,6.3
29,4.9
9,3.7
12,5.9
48,4.9
32,5.2
99,3.5
95,4.3
60,3.3
92,2.0
85,0.9
63,2.8
122,3.3
187,3.9
111,4.6
86,5.9
189,6.3
9,8.1
23,11.7
339,9.9
29,8.9
19,7.5
51,3.9
137,3.7
42,3.3
153,2.5
220,3.1
319,1.4
304,1.4
286,1.7
244,1.1
244,0.9
236,0.9
317,1.5
300,0.9
299,0.6
322,0.7
266,0.6
233,0.2
333,0.3
292,0.4
254,1.1
239,0.8
258,1.4
193,2.5
235,3.5
236,5.2
205,3.5
207,4.9
303,4.9
302,5.2
266,5.6
248,8.1
231,3.3
209,2.8
85,2.8
56,3.7
82,3.3
263,4.6
218,3.9
247,4.1
260,6.7
332,6.3
293,3.7
306,6.3
318,7.5
293,8.9
313,8.1
311,9.5
264,4.9
241,7.5
256,8.9
235,7.1
191,8.1
119,4.9
68,4.6
175,7.1
266,6.3
252,6.3
152,5.9
237,3.3
245,3.1
226,2.8
223,3.3
237,3.3
224,4.1
233,4.3
163,2.3
219,2.0
210,0.9
247,1.2
241,1.1
337,0.4
323,0.4
236,0.9
241,1.4
231,2.3
208,0.9
244,0.5
317,0.6
310,0.6
241,1.1
243,0.5
229,0.3
229,0.2
256,0.3
297,0.4
236,0.5
202,0.8
182,1.5
57,3.5
117,3.5
58,3.7
103,3.1
50,3.9
335,3.5
345,3.1
44,2.3
48,1.2
49,1.5
331,1.7
15,1.0
346,0.4
45,0.3
52,0.4
27,0.2
16,0.5
45,0.5
124,0.4
249,0.8
231,2.3
102,2.3
185,3.7
229,3.3
272,3.1
243,3.9
248,4.3
229,4.3
231,4.3
244,5.6
293,2.3
267,3.1
309,2.8
266,2.5
267,2.0
229,1.7
246,4.3
229,2.5
326,2.3
307,2.3
282,2.0
307,2.5
310,1.0
287,3.1
297,2.8
298,2.3
287,2.8
333,1.4
240,1.1
244,0.7
250,1.2
222,1.0
243,0.9
253,1.5
220,1.7
218,0.9
238,0.9
181,1.3
182,1.5
113,1.7
84,1.2
175,2.1
186,1.3
185,3.1
202,2.9
108,3.3
50,3.1
100,3.5
87,2.1
193,1.5
173,0.8
59,0.9
3,0.2
86,0.2
222,0.2
297,0.1
275,0.1
205,0.8
268,0.2
197,0.4
185,1.3
111,0.7
53,0.7
63,1.1
121,1.5
225,2.3
202,2.1
213,3.1
264,3.5
273,4.6
194,4.6
219,4.0
180,4.9
89,5.6
105,5.9
30,6.1
197,6.4
229,7.5
248,8.0
205,5.2
148,5.2
179,2.1
56,1.9
78,3.3
196,3.3
77,4.0
217,5.2
44,3.8
71,4.6
323,4.0
52,3.5
92,1.9
192,2.3
141,2.1
69,1.7
81,1.2
178,1.2
214,1.2
218,1.3
269,1.5
272,1.3
262,1.2
292,0.6
249,0.7
270,0.5
284,1.7
269,3.5
274,4.9
283,5.2
319,4.9
267,4.9
302,4.9
256,4.9
280,6.7
336,7.0
268,5.6
196,6.4
217,6.4
252,5.2
276,7.5
265,7.0
307,6.7
302,8.0
316,8.0
303,7.7
340,8.0
325,6.1
291,7.5
328,6.4
270,4.3
278,2.1
257,0.7
289,0.5
298,0.3
308,0.3
279,0.1
284,0.4
308,0.5
300,0.8
344,1.9
301,1.5
296,1.5
273,2.9
315,2.7
306,2.9
294,1.9
272,2.4
217,2.9
188,3.7
311,5.9
262,4.9
275,4.6
187,2.4
260,2.3
194,1.9
272,1.7
203,1.5
195,1.5
64,2.7
335,2.6
348,2.9
4,1.9
87,1.5
313,1.2
324,1.5
345,2.4
104,2.7
201,2.9
177,4.3
213,4.3
196,5.2
261,4.3
203,3.7
205,2.7
242,4.3
261,4.6
300,4.3
283,3.5
184,3.7
158,4.0
180,3.7
113,3.7
109,3.8
216,2.7
258,1.2
201,1.1
200,1.5
222,2.1
91,2.7
51,3.3
107,3.7
102,4.6
94,3.5
68,3.5
54,3.8
82,3.7
81,4.3
59,4.9
87,5.6
76,4.3
176,4.6
184,4.6
92,3.7
54,4.3
192,3.8
163,2.9
177,3.8
201,4.6
48,4.3
227,4.6
220,5.6
193,4.9
203,5.2
277,3.8
189,4.6
172,4.9
134,4.6
200,3.5
56,3.3
70,5.2
76,4.3
172,4.0
208,5.6
246,4.3
215,3.5
227,2.3
184,2.4
63,2.7
359,2.3
347,2.4
18,2.1
97,1.7
130,2.6
48,4.0
56,4.3
83,2.4
54,2.1
121,1.1
99,0.8
219,1.2
207,2.4
218,2.4
271,2.3
270,2.1
214,2.6
202,1.9
201,3.1
247,2.7
200,2.9
90,2.6
59,2.7
101,3.3
88,4.3
209,3.3
275,4.9
249,3.7
302,2.6
300,3.3
293,4.6
281,5.9
259,5.6
315,4.0
269,5.6
285,6.7
239,6.4
93,5.6
107,5.2
117,5.6
165,5.9
178,5.6
272,8.6
205,8.6
255,7.3
276,7.0
249,4.3
263,5.9
279,4.6
268,3.1
273,2.3
275,2.7
294,1.1
220,0.5
224,1.2
176,0.9
37,1.1
106,0.9
349,0.7
331,1.3
347,2.3
57,3.3
25,2.7
62,3.3
61,4.3
3,3.8
54,2.9
44,3.1
351,3.1
124,3.1
177,3.7
179,3.3
216,2.4
196,1.9
282,1.7
312,2.3
311,2.4
282,1.5
286,1.3
289,2.4
310,3.5
308,2.3
304,3.1
269,3.3
303,1.7
295,2.3
280,2.4
296,1.3
235,2.1
180,1.9
59,1.5
355,0.9
68,1.5
152,1.7
46,1.3
98,0.9
95,0.4
79,0.5
247,0.2
156,0.3
183,0.1
177,0.2
94,0.1
139,0.0
132,0.0
122,0.2
109,0.4
173,0.3
198,0.6
241,0.9
202,0.7
287,0.7
261,0.6
295,0.7
235,0.5
280,0.2
197,0.7
197,0.5
212,1.1
199,0.1
248,0.5
295,0.2
286,0.5
304,1.1
300,1.1
304,1.1
301,1.5
311,0.8
298,0.6
262,1.1
288,1.2
287,0.7
317,0.6
279,1.1
280,1.2
235,1.3
206,1.2
265,1.9
179,1.9
82,2.7
41,2.3
122,2.6
77,2.6
47,1.9
84,2.3
172,1.9
109,2.4
166,2.6
175,2.3
82,2.9
202,2.9
181,2.7
93,3.3
93,2.7
175,3.1
198,4.0
283,3.8
253,2.6
313,2.1
315,3.3
333,2.6
303,3.3
308,4.3
306,4.3
329,2.7
324,2.7
293,2.1
295,1.3
298,2.3
312,2.4
304,1.9
266,2.3
297,1.3
308,2.3
292,3.7
253,5.6
107,4.9
97,2.9
59,2.3
53,2.3
77,2.7
84,1.5
28,1.7
110,1.1
61,1.9
177,0.9
192,0.8
272,1.3
221,2.1
276,3.3
273,2.9
278,1.9
340,2.1
300,3.1
217,1.3
299,3.1
274,2.9
207,3.5
201,2.4
258,2.9
281,2.7
206,3.3
250,4.6
198,3.8
264,4.0
307,3.3
263,3.1
266,4.0
271,4.0
274,4.0
280,3.7
267,3.1
193,3.7
248,4.3
174,3.3
230,3.3
203,3.1
249,4.3
234,4.0
266,3.5
274,3.5
269,4.0
250,4.3
288,3.7
168,2.7
214,2.6
181,1.7
47,1.7
327,2.1
23,2.7
87,1.9
188,1.3
100,0.8
209,0.9
155,1.5
211,0.9
99,0.5
94,0.5
81,0.9
106,1.9
186,1.5
162,1.5
204,0.8
270,0.8
287,0.9
241,0.9
208,2.7
218,2.9
209,3.7
206,4.9
69,5.2
112,5.2
32,4.0
51,4.6
94,4.9
58,5.2
55,4.9
122,3.3
57,1.3
358,1.5
108,1.3
74,1.9
55,1.5
52,1.7
145,0.5
61,0.1
78,0.2
24,0.2
42,0.9
354,0.6
95,1.2
46,0.9
332,0.5
63,1.2
186,1.5
70,1.5
84,2.6
45,3.1
103,2.1
113,1.9
123,0.5
104,1.2
70,1.3
176,2.1
219,2.3
292,2.6
291,3.1
253,3.7
271,3.3
222,2.6
249,2.9
200,3.1
201,3.3
184,4.6
92,7.5
18,9.3
96,9.1
90,6.4
199,5.2
85,4.9
215,4.0
254,2.9
200,2.6
294,2.6
214,1.1
175,0.8
289,0.5
300,1.5
275,1.5
189,1.7
242,1.2
285,1.2
293,2.6
207,4.3
318,4.3
333,6.1
286,6.7
304,7.7
293,6.7
276,7.3
290,8.6
197,9.5
223,10.1
255,10.4
217,9.8
83,13.1
209,11.2
222,11.2
212,8.0
261,9.1
224,6.4
208,6.7
218,6.7
250,5.9
269,7.0
310,5.9
266,6.4
229,6.1
100,5.2
277,4.9
272,3.5
268,3.5
206,5.6
219,4.0
179,5.6
102,3.1
64,2.6
50,0.8
84,1.5
47,2.9
50,2.1
42,2.1
333,0.9
319,2.4
331,2.1
356,2.1
63,0.5
352,0.3
37,0.5
339,0.4
5,0.2
359,0.3
335,0.2
340,0.7
342,2.1
360,1.7
330,2.1
30,2.3
337,2.6
46,2.7
2,4.9
354,4.6
320,5.2
331,6.1
341,8.0
38,8.6
346,8.6
345,7.0
355,7.0
64,4.9
180,5.6
197,4.0
207,4.0
187,4.3
273,5.6
284,5.6
276,5.2
285,3.8
239,5.2
179,3.3
171,1.7
88,1.3
103,2.1
57,0.9
94,0.8
54,0.7
238,1.1
104,1.5
40,0.8
7,1.2
41,1.7
313,2.1
349,3.3
349,3.8
338,2.3
1,2.3
351,1.9
348,2.1
348,2.1
344,1.7
348,2.6
357,1.5
321,2.1
55,3.1
50,2.7
113,2.1
225,1.7
243,1.1
198,1.7
289,1.5
203,2.7
225,2.9
228,2.7
200,2.1
170,1.5
93,1.9
45,1.9
32,2.4
68,0.6
1,1.5
7,1.2
122,0.7
58,0.3
85,0.5
35,0.5
328,0.6
23,1.3
96,1.1
215,1.5
215,2.9
276,1.9
280,2.1
289,2.4
258,1.3
299,0.9
310,1.2
323,1.1
266,0.7
282,0.2
291,0.2
297,0.6
308,0.5
302,0.5
303,0.4
300,0.3
301,0.2
263,1.1
325,0.9
346,1.3
263,1.5
257,0.4
282,0.8
286,0.4
273,0.5
220,1.1
189,0.9
219,0.9
104,0.9
7,1.3
35,1.2
354,1.3
60,1.5
184,1.7
276,0.9
317,0.3
203,0.8
213,1.3
92,0.5
34,0.7
348,1.2
314,1.1
42,1.2
88,0.7
79,0.5
120,0.4
217,0.2
213,1.1
216,1.3
237,1.5
290,0.7
215,0.9
248,1.1
47,1.7
178,1.5
207,0.7
284,0.5
276,0.4
269,0.2
265,0.5
277,1.2
283,1.2
273,0.5
275,1.1
287,2.1
257,1.7
293,0.8
319,1.5
295,3.1
291,3.1
318,4.0
304,4.0
305,3.5
300,3.7
304,2.7
309,1.9
295,1.9
323,1.2
304,2.1
328,0.7
335,0.5
335,0.5
304,1.5
316,2.3
268,3.5
270,4.6
331,6.7
303,6.4
288,5.6
269,6.4
288,7.3
321,5.6
264,4.3
277,3.3
275,3.1
213,3.1
201,3.5
205,3.1
258,3.1
187,1.9
213,2.3
176,1.9
264,2.1
284,2.7
268,2.4
282,1.5
307,2.4
247,1.9
211,1.7
222,1.9
203,1.3
112,1.3
96,1.1
124,0.9
216,1.4
187,1.4
114,1.3
94,2.0
187,1.8
183,2.7
208,4.3
231,4.0
274,4.0
216,4.3
262,4.0
219,5.0
295,5.6
254,3.5
202,2.4
116,3.1
70,5.6
190,4.0
121,4.0
216,3.8
235,5.3
260,5.3
207,3.8
296,3.5
190,4.3
213,3.5
189,3.1
218,3.5
226,3.5
235,6.0
247,7.5
251,7.0
277,8.0
311,5.3
295,5.0
239,4.3
311,2.7
291,2.7
301,2.1
309,1.7
304,1.4
231,1.2
252,1.4
329,1.7
260,1.8
305,0.7
232,1.1
282,2.1
268,2.1
241,2.9
244,4.0
234,2.4
222,2.4
313,1.5
306,1.3
307,1.3
320,2.7
271,3.5
246,3.5
221,2.4
201,4.3
73,5.0
96,5.6
37,7.2
83,7.5
57,5.3
84,5.0
62,6.2
30,6.2
12,6.4
20,8.0
25,6.0
162,5.8
218,5.6
132,5.0
153,5.0
129,5.0
40,6.0
92,7.5
83,6.4
131,6.7
206,6.7
226,8.0
235,6.2
191,6.4
168,5.8
124,3.8
201,2.9
146,3.1
12,2.9
78,3.1
104,3.3
218,2.9
207,2.0
228,2.1
11,1.8
2,3.1
339,4.7
352,2.4
19,1.8
333,2.7
322,3.1
325,3.8
352,5.3
326,4.3
349,6.4
358,6.4
356,5.6
346,6.2
356,7.5
348,6.4
343,5.0
348,4.3
324,3.1
330,2.4
360,2.9
359,2.9
337,2.3
36,2.7
27,2.1
62,2.4
66,2.1
12,2.9
123,2.7
128,3.1
70,3.8
68,4.0
12,3.8
53,3.3
115,4.7
139,5.0
147,4.3
59,2.9
112,2.7
73,2.4
263,3.8
311,2.4
253,2.0
239,1.5
307,2.7
295,1.8
319,3.3
284,3.1
275,3.1
282,2.7
309,1.4
324,1.2
315,1.8
254,1.5
308,2.0
218,2.0
210,2.0
159,1.4
192,1.2
221,0.7
177,0.5
253,0.5
294,0.4
295,0.5
229,0.5
111,1.1
207,0.8
252,0.8
209,0.9
218,1.7
235,2.0
212,2.7
127,1.7
96,1.8
72,2.1
48,1.7
16,1.1
29,1.5
326,1.8
317,2.0
15,1.7
29,1.1
60,1.2
73,1.3
68,1.2
65,0.9
212,1.4
202,2.0
124,2.1
154,1.4
119,1.5
83,1.7
63,3.3
155,2.9
213,1.7
204,1.4
194,1.7
148,0.8
229,0.8
217,1.1
194,2.1
272,2.3
239,2.4
250,2.9
322,2.1
330,1.8
255,1.8
245,2.1
286,3.1
308,5.6
250,6.0
240,5.8
231,4.0
208,5.0
136,5.6
167,3.3
66,4.3
139,3.1
221,2.7
210,2.3
151,2.3
221,2.1
227,1.2
208,1.5
274,2.4
316,3.1
257,1.8
277,2.3
197,1.3
158,1.4
75,0.7
106,0.5
91,1.3
124,2.1
241,1.8
229,0.9
207,1.1
179,0.7
156,0.6
139,0.7
166,1.2
159,1.7
215,1.8
166,2.4
73,4.0
129,4.0
215,3.5
157,3.5
101,4.0
103,4.7
156,4.3
215,5.6
69,7.5
152,10.2
127,9.3
108,8.6
138,8.6
186,7.5
253,9.0
253,8.0
231,5.0
245,4.3
266,4.7
250,2.7
247,2.0
256,2.1
244,1.4
251,0.7
321,1.2
299,1.2
305,1.7
226,2.4
259,1.7
263,1.5
307,1.1
319,1.4
267,2.0
237,2.0
230,2.9
280,4.7
207,3.8
211,3.1
204,4.0
287,4.0
293,3.1
215,4.7
271,5.8
289,6.2
236,5.8
209,7.5
295,8.0
231,6.2
54,7.0
206,5.0
238,4.3
272,4.3
201,3.5
207,2.0
204,1.7
196,2.0
102,0.9
163,0.9
79,1.4
73,2.0
359,2.4
89,2.7
63,3.8
107,5.3
105,6.4
185,4.3
241,4.3
226,5.3
261,4.3
244,5.0
244,3.5
196,3.3
201,3.8
198,3.5
153,6.4
280,5.6
277,5.0
209,4.3
283,2.4
228,2.7
240,1.8
245,0.7
249,0.7
281,1.5
230,0.9
232,0.8
318,0.7
313,0.5
311,1.3
329,1.4
309,0.8
311,1.1
246,0.4
303,0.5
260,0.6
316,0.5
310,0.2
319,0.4
304,0.3
299,0.7
266,1.1
276,1.1
254,0.7
239,1.8
215,2.1
151,2.7
208,2.4
100,2.1
297,1.8
253,1.5
229,0.8
209,0.6
194,1.3
224,2.3
145,2.0
78,4.3
73,4.3
107,4.7
111,4.3
70,3.1
28,2.9
28,2.7
53,3.8
127,5.8
127,4.7
238,4.0
113,3.3
213,2.7
307,4.0
188,2.4
203,1.5
211,1.2
238,1.3
230,2.4
135,2.4
208,2.4
231,2.4
269,2.3
183,1.8
237,2.0
238,1.3
275,0.7
299,0.5
204,0.3
298,0.5
224,0.7
195,0.6
207,0.5
83,0.3
88,0.4
71,0.9
65,0.7
74,1.1
56,0.8
359,1.2
323,1.1
13,1.5
3,2.1
28,4.7
34,5.0
46,4.0
102,4.7
106,5.6
107,7.0
212,6.4
217,6.7
145,7.2
278,8.0
293,8.0
279,9.3
272,9.0
283,10.2
271,13.0
255,11.6
312,10.2
314,7.2
301,6.4
285,5.6
248,3.8
257,2.7
229,3.3
239,3.5
307,3.1
199,2.9
205,3.8
37,3.1
31,2.7
27,4.0
59,2.7
39,2.4
16,2.0
13,2.4
9,3.1
338,4.3
326,4.7
26,5.0
124,4.7
232,4.3
81,5.0
197,3.3
174,2.7
121,2.9
77,3.5
30,2.4
87,2.1
133,2.4
231,3.3
150,4.7
65,6.4
84,10.2
76,8.0
13,8.0
124,6.7
86,8.6
205,8.6
72,7.0
147,5.6
195,5.0
226,4.3
199,5.6
200,4.3
110,3.5
148,4.0
133,5.0
193,5.6
202,5.6
164,6.7
139,6.4
53,7.2
129,5.6
114,3.8
154,3.3
47,3.1
95,2.0
122,1.5
200,2.0
225,2.1
218,1.4
265,1.1
250,1.3
283,1.1
256,2.4
266,2.3
221,2.7
185,2.7
162,2.1
196,3.5
238,3.1
229,3.1
232,1.3
249,0.9
187,0.9
234,0.8
209,1.3
257,0.8
201,0.6
194,2.0
204,2.0
253,2.1
252,2.3
323,2.1
328,2.1
326,1.8
238,1.5
241,1.4
286,1.5
309,2.0
314,2.1
316,1.4
295,1.2
289,1.2
280,1.3
295,1.2
313,1.3
296,0.9
245,1.4
289,1.5
240,1.7
158,2.3
204,2.3
196,2.7
247,3.3
196,3.3
132,2.7
80,3.3
28,4.3
353,3.8
65,3.8
103,3.8
216,5.3
142,4.0
210,4.7
110,3.8
163,3.5
123,5.0
155,4.3
218,5.0
191,4.7
95,5.0
360,5.0
38,3.8
61,2.7
70,3.3
220,2.9
291,2.7
302,2.4
274,4.7
218,3.5
219,3.1
147,6.0
99,7.0
134,7.0
94,5.3
89,5.3
215,5.0
166,5.3
218,4.3
189,5.8
153,5.3
211,4.3
98,4.7
80,6.2
218,5.0
245,5.0
272,5.6
251,3.8
258,3.5
315,2.0
288,2.7
212,2.0
117,2.1
351,1.1
12,0.9
53,1.7
188,1.8
150,2.9
195,3.3
217,4.3
183,4.0
131,3.8
170,3.5
216,3.1
307,6.2
254,6.0
244,3.8
299,4.0
246,4.7
252,4.0
323,2.9
297,2.7
283,3.1
317,3.8
320,3.8
318,3.8
305,2.7
225,2.7
64,3.8
52,3.1
2,2.4
326,2.9
326,3.1
350,2.9
359,2.1
323,2.7
1,1.7
319,1.5
23,0.9
5,0.8
355,0.8
315,0.5
340,0.2
45,0.3
79,0.4
216,0.6
254,0.6
242,0.5
303,0.3
327,0.2
302,0.3
295,0.2
272,0.2
309,0.2
308,0.3
264,0.2
222,0.2
111,0.1
77,0.1
104,0.1
22,0.0
76,0.1
21,0.2
217,0.1
159,0.3
221,0.4
261,0.7
226,1.1
280,1.2
284,1.2
170,1.7
105,1.7
227,1.4
259,1.3
264,1.5
288,1.1
223,0.8
270,0.5
225,0.4
266,0.3
232,0.3
277,0.5
313,0.7
261,0.8
316,1.1
212,1.5
232,3.1
143,2.9
68,3.3
43,3.8
2,3.5
6,3.8
28,3.8
19,3.3
358,3.5
351,5.3
2,7.0
19,8.6
113,10.2
120,9.3
109,7.0
55,4.3
89,2.9
133,3.5
134,2.4
190,2.4
49,3.1
57,2.4
350,2.0
6,2.0
17,2.7
63,4.0
142,3.8
102,2.4
105,3.1
132,3.5
103,3.3
214,3.3
186,3.5
262,5.6
247,4.0
241,3.5
331,2.1
316,2.9
314,2.1
320,1.7
254,1.1
314,0.9
272,1.3
235,1.2
156,1.4
59,2.1
6,2.3
346,3.1
323,2.7
346,3.1
25,3.5
334,4.3
25,4.3
77,3.3
55,1.7
328,1.2
21,0.9
11,1.8
63,1.7
45,0.9
113,0.8
201,0.8
259,0.7
317,0.8
240,1.1
240,0.7
259,1.1
212,1.6
135,1.4
214,0.9
44,0.6
185,1.6
232,1.8
270,1.3
271,1.0
243,1.6
306,2.1
151,2.7
196,2.7
207,2.3
339,1.6
291,1.6
256,1.8
226,2.1
291,2.9
286,2.5
326,1.4
257,1.2
337,0.9
149,1.6
57,2.1
139,2.7
204,2.3
223,2.5
264,2.3
226,3.1
224,3.1
260,2.9
193,3.8
283,4.5
207,4.7
147,5.5
231,6.1
204,6.1
207,5.2
216,5.0
207,3.1
168,3.5
170,2.9
83,3.5
167,3.6
79,2.9
65,3.5
75,4.3
143,6.1
200,6.1
90,5.8
148,5.0
199,4.5
281,4.5
237,3.8
204,4.5
196,3.3
71,2.2
38,1.4
57,1.4
165,0.4
165,0.3
210,0.2
249,0.2
247,0.7
259,0.8
233,0.6
253,0.8
303,0.8
217,1.2
266,1.0
280,1.6
290,1.0
266,1.6
315,0.9
285,1.0
300,1.0
282,0.8
236,1.6
248,1.4
274,1.2
209,1.3
159,1.0
209,1.0
209,0.3
233,0.6
175,0.3
162,0.1
73,0.2
148,0.4
30,0.5
25,1.0
91,1.6
204,1.2
206,1.6
270,1.4
215,1.3
168,2.2
164,2.7
231,4.0
248,3.1
271,2.5
252,3.8
287,4.5
276,4.3
303,5.8
301,5.5
312,5.0
254,3.1
273,3.5
174,2.9
207,3.6
271,2.9
295,2.5
257,1.9
311,2.7
292,3.3
235,3.3
270,2.5
256,2.1
293,2.4
283,2.2
281,2.9
331,4.0
299,4.5
289,5.0
296,5.8
293,4.7
289,5.2
249,6.5
278,6.1
279,5.2
253,4.7
303,4.5
258,5.5
292,5.2
282,4.0
286,6.1
288,5.5
291,5.5
242,4.3
277,3.1
255,2.5
265,1.9
206,2.1
71,1.8
158,1.6
202,1.8
146,1.8
215,2.9
231,3.1
222,2.7
211,2.9
218,4.7
282,6.3
204,4.7
210,5.2
207,5.8
222,5.5
218,5.0
281,5.2
258,5.0
256,4.0
266,2.9
290,1.9
318,2.3
308,2.1
249,2.3
290,2.1
259,2.5
295,2.2
294,1.8
275,2.2
228,1.6
170,1.4
212,0.9
266,0.2
198,0.1
233,0.2
76,0.4
219,0.4
230,0.9
208,1.6
229,1.3
271,0.7
161,0.9
83,0.6
35,0.2
27,0.3
51,0.3
49,0.9
40,0.9
22,0.3
11,0.4
41,0.3
28,0.8
73,0.5
48,0.9
157,0.4
231,0.4
21,0.8
169,0.7
163,0.3
32,0.7
20,0.4
72,0.9
146,0.7
150,1.2
237,1.2
212,0.9
158,1.2
346,1.2
19,1.4
111,1.6
173,1.4
171,1.9
203,2.3
105,1.3
164,1.8
207,1.4
68,1.8
208,1.8
163,2.2
194,1.4
166,1.2
202,2.2
159,2.5
183,1.9
211,1.4
237,1.9
192,1.8
226,1.3
207,1.0
225,1.8
223,2.2
228,2.7
204,2.3
268,1.9
237,2.3
269,1.6
172,2.1
164,1.9
167,2.2
98,1.3
208,0.4
74,0.7
219,0.9
208,1.3
288,2.1
279,2.9
207,3.3
229,3.3
205,3.5
275,2.5
225,3.3
273,3.1
253,3.1
279,3.8
268,3.3
266,3.3
270,3.3
324,3.3
288,3.8
279,4.5
280,4.3
271,4.3
172,5.0
163,5.0
164,5.5
215,5.2
93,4.0
167,3.5
235,3.8
253,4.7
266,5.8
272,4.3
198,4.3
253,4.0
250,4.7
328,6.5
298,6.8
243,6.5
228,6.3
158,6.1
42,7.0
52,6.8
70,7.0
172,7.9
104,7.9
19,9.4
215,10.0
231,12.4
136,12.4
161,8.6
179,9.4
155,7.5
173,5.5
201,5.2
203,6.3
46,5.8
51,5.8
31,5.5
167,2.5
16,1.9
26,2.1
71,2.4
46,2.9
58,3.8
49,3.3
201,2.5
222,4.0
227,5.5
224,6.3
279,5.8
193,6.5
277,6.5
269,7.0
246,7.5
307,6.5
282,7.0
261,7.3
286,8.9
246,10.3
299,10.3
310,11.0
287,11.0
276,9.4
296,8.6
197,8.2
178,7.0
167,6.5
47,6.5
20,7.5
45,7.9
16,8.6
60,6.8
155,7.7
156,6.5
234,5.8
210,5.0
235,4.0
201,2.5
220,3.1
97,2.9
181,2.5
61,2.5
132,3.8
236,4.0
154,3.3
227,3.3
209,2.1
208,1.6
165,1.4
215,0.7
285,0.6
320,0.7
296,1.3
248,1.8
221,1.6
200,1.9
226,1.8
217,1.6
35,2.1
234,1.4
182,1.2
97,1.2
55,1.0
47,1.4
51,2.2
45,3.1
357,2.9
17,2.5
47,2.1
69,2.1
29,2.7
146,2.7
41,3.3
34,4.0
26,4.7
35,5.0
349,4.7
344,5.5
44,5.8
38,7.0
199,5.8
156,5.2
84,6.1
36,6.5
77,4.7
20,4.3
18,4.3
63,4.0
73,3.8
217,4.5
6,4.7
19,6.1
353,4.3
354,4.5
39,3.8
44,4.3
7,5.2
14,6.8
341,6.5
337,6.8
341,6.1
334,4.5
348,5.0
334,4.5
2,6.3
25,6.8
47,7.3
76,7.5
43,8.6
23,7.9
16,8.2
30,7.3
169,6.3
234,5.8
167,4.5
149,5.8
94,6.3
157,4.7
2,4.5
68,4.5
192,4.0
214,3.8
229,4.0
261,3.8
242,5.2
267,5.8
220,4.0
186,3.1
22,2.9
74,1.9
62,1.2
38,1.6
65,2.1
44,2.2
25,2.2
6,2.7
21,2.1
52,2.3
61,2.9
53,2.3
22,2.7
65,2.5
143,2.9
68,2.7
168,3.5
220,5.2
235,5.0
289,7.3
286,9.1
244,8.6
247,8.6
273,8.9
246,9.4
300,9.8
297,7.7
243,8.2
285,8.2
276,7.3
255,6.5
221,5.2
277,5.0
203,3.6
208,3.1
24,2.5
191,2.5
206,2.5
59,3.3
192,2.3
275,1.9
232,2.3
218,1.6
231,2.4
237,2.7
226,2.5
228,1.6
159,1.2
62,1.4
71,0.8
36,0.7
39,0.6
50,0.5
63,0.5
23,0.9
71,0.4
161,0.4
72,1.2
50,1.6
71,1.4
355,0.6
339,1.6
51,0.9
352,0.5
23,0.7
205,1.3
206,2.2
161,2.3
241,1.6
153,0.7
166,0.9
140,0.3
153,1.6
272,2.3
217,2.9
290,2.4
249,3.1
277,2.2
256,2.5
288,2.4
296,2.3
247,1.8
315,2.7
241,2.3
265,2.5
269,3.8
263,2.9
154,1.6
157,2.4
83,2.5
223,1.8
203,2.1
279,2.2
228,1.8
276,1.9
280,2.3
265,2.5
272,1.9
267,2.9
285,3.3
287,4.0
296,2.1
287,2.1
298,1.4
280,1.2
319,1.6
290,2.3
317,3.3
287,3.6
227,4.3
313,3.5
270,3.5
273,4.0
268,3.8
227,3.8
158,2.7
209,1.8
169,1.3
212,1.2
212,1.9
207,1.8
246,2.1
211,1.8
267,1.6
245,1.3
234,1.3
218,1.4
183,1.4
160,0.9
231,0.2
251,0.2
279,0.0
279,0.5
264,1.6
283,1.4
205,1.4
282,1.4
245,1.4
257,0.8
244,1.0
284,0.9
270,0.9
274,1.6
296,1.3
264,1.0
256,2.2
209,3.3
163,2.5
198,4.3
237,3.6
242,5.0
281,5.2
247,3.3
254,2.7
303,3.3
274,3.1
222,3.1
259,3.3
244,3.5
275,3.5
290,2.7
254,2.7
342,4.3
289,2.9
312,2.5
242,2.1
232,2.3
275,2.1
270,1.3
207,0.7
238,0.5
287,0.4
226,1.0
231,0.9
229,0.8
257,1.0
287,1.9
221,1.8
174,2.2
108,3.1
170,1.6
62,2.1
63,1.8
59,1.4
205,1.2
278,1.9
294,3.1
263,2.3
233,2.7
295,2.5
289,3.3
315,3.3
232,3.1
246,3.5
265,5.0
280,3.6
298,5.5
272,5.0
281,4.3
156,2.9
189,2.2
165,2.1
159,3.1
180,3.1
213,2.7
72,3.1
218,3.1
159,3.3
64,4.3
336,4.5
10,3.8
7,4.0
22,2.7
16,2.7
46,2.4
83,3.3
211,4.0
167,3.8
59,3.1
58,4.5
228,3.8
202,4.7
286,5.5
308,5.0
248,4.3
325,4.5
332,4.7
289,5.5
315,5.0
288,3.6
296,2.1
273,1.6
283,1.4
264,0.7
324,0.6
255,1.4
264,1.2
218,2.4
169,3.1
165,3.5
208,4.0
236,4.3
144,3.8
144,5.2
152,5.2
101,3.3
158,3.5
67,3.6
17,3.8
81,4.3
58,4.0
25,4.0
42,5.5
1,5.5
339,6.8
348,7.5
346,7.3
20,7.7
29,7.7
11,6.8
33,7.3
41,6.8
18,5.8
147,5.8
130,3.5
61,5.0
69,4.3
49,4.0
19,4.0
12,6.1
46,4.3
40,4.0
42,4.5
72,3.5
48,3.5
155,4.0
161,3.8
29,3.8
52,3.8
169,3.1
163,3.3
156,3.5
44,3.5
199,3.5
72,5.0
19,4.5
42,5.2
17,4.5
33,3.1
94,3.3
62,3.8
138,5.0
41,4.0
194,4.7
224,4.3
218,3.1
148,4.7
137,4.3
51,4.3
143,2.7
190,2.7
234,2.7
177,3.1
116,3.5
166,4.5
206,3.6
272,3.6
295,4.0
219,2.9
159,2.3
210,0.9
208,0.5
223,0.7
